JURIS_NAME,YEAR,total_proposed_units,total_approved_units,total_disapproved_units,total_building_permits,total_completed_units,total_affordable_permits,total_market_rate_permits
ADELANTO,2018,0.0,0.0,0.0,27.0,0.0,0.0,27.0
ADELANTO,2019,0.0,0.0,0.0,63.0,0.0,0.0,63.0
ADELANTO,2022,125.0,0.0,0.0,29.0,0.0,0.0,29.0
ADELANTO,2023,0.0,0.0,0.0,81.0,0.0,0.0,81.0
ADELANTO,2024,0.0,0.0,0.0,24.0,21.0,0.0,24.0
ADELANTO,2025,380.0,327.0,0.0,40.0,32.0,13.0,27.0
AGOURA HILLS,2018,0.0,0.0,0.0,27.0,23.0,0.0,27.0
AGOURA HILLS,2019,13.0,9.0,0.0,12.0,6.0,0.0,12.0
AGOURA HILLS,2020,321.0,4.0,35.0,3.0,0.0,0.0,3.0
AGOURA HILLS,2021,16.0,13.0,0.0,8.0,5.0,5.0,3.0
AGOURA HILLS,2022,93.0,15.0,0.0,26.0,7.0,15.0,11.0
AGOURA HILLS,2023,144.0,28.0,0.0,51.0,24.0,23.0,28.0
AGOURA HILLS,2024,678.0,320.0,0.0,59.0,39.0,27.0,32.0
AGOURA HILLS,2025,751.0,614.0,0.0,344.0,36.0,66.0,278.0
ALAMEDA,2018,161.0,161.0,0.0,181.0,39.0,1.0,180.0
ALAMEDA,2019,738.0,738.0,0.0,681.0,0.0,83.0,598.0
ALAMEDA,2020,372.0,665.0,0.0,298.0,113.0,156.0,142.0
ALAMEDA,2021,96.0,0.0,0.0,605.0,34.0,69.0,536.0
ALAMEDA,2022,431.0,431.0,0.0,243.0,35.0,104.0,139.0
ALAMEDA,2023,161.0,161.0,0.0,1096.0,964.0,194.0,902.0
ALAMEDA,2024,80.0,80.0,0.0,355.0,96.0,228.0,127.0
ALAMEDA,2025,108.0,143.0,0.0,65.0,236.0,47.0,18.0
ALAMEDA COUNTY,2018,244.0,19.0,1.0,119.0,68.0,11.0,108.0
ALAMEDA COUNTY,2019,158.0,79.0,0.0,89.0,83.0,26.0,63.0
ALAMEDA COUNTY,2020,9.0,3.0,0.0,63.0,105.0,44.0,19.0
ALAMEDA COUNTY,2021,183.0,140.0,0.0,75.0,102.0,47.0,28.0
ALAMEDA COUNTY,2022,161.0,161.0,0.0,106.0,19.0,75.0,31.0
ALAMEDA COUNTY,2023,62.0,47.0,0.0,376.0,56.0,299.0,77.0
ALAMEDA COUNTY,2024,606.0,34.0,0.0,255.0,55.0,123.0,132.0
ALAMEDA COUNTY,2025,48.0,8.0,0.0,406.0,303.0,260.0,146.0
ALBANY,2018,42.0,30.0,0.0,17.0,3.0,17.0,0.0
ALBANY,2019,100.0,100.0,0.0,31.0,9.0,24.0,7.0
ALBANY,2020,34.0,34.0,0.0,36.0,10.0,25.0,11.0
ALBANY,2021,538.0,534.0,1.0,19.0,0.0,19.0,0.0
ALBANY,2022,122.0,34.0,0.0,97.0,14.0,97.0,0.0
ALBANY,2023,24.0,19.0,0.0,11.0,17.0,11.0,0.0
ALBANY,2024,19.0,18.0,0.0,12.0,10.0,12.0,0.0
ALBANY,2025,24.0,0.0,0.0,228.0,89.0,38.0,190.0
ALHAMBRA,2018,144.0,60.0,0.0,34.0,25.0,2.0,32.0
ALHAMBRA,2019,97.0,97.0,0.0,127.0,0.0,0.0,127.0
ALHAMBRA,2020,37.0,0.0,0.0,11.0,26.0,0.0,11.0
ALHAMBRA,2021,123.0,105.0,0.0,216.0,75.0,2.0,214.0
ALHAMBRA,2022,298.0,110.0,0.0,162.0,144.0,0.0,162.0
ALHAMBRA,2023,180.0,4.0,0.0,217.0,82.0,44.0,173.0
ALHAMBRA,2024,363.0,73.0,0.0,168.0,204.0,2.0,166.0
ALHAMBRA,2025,274.0,99.0,0.0,137.0,120.0,2.0,135.0
ALISO VIEJO,2019,0.0,0.0,0.0,0.0,200.0,0.0,0.0
ALISO VIEJO,2023,343.0,0.0,0.0,0.0,0.0,0.0,0.0
ALISO VIEJO,2024,44.0,0.0,0.0,1.0,0.0,1.0,0.0
ALISO VIEJO,2025,61.0,0.0,0.0,2.0,1.0,0.0,2.0
ALPINE COUNTY,2018,5.0,5.0,0.0,1.0,1.0,1.0,0.0
ALPINE COUNTY,2019,5.0,5.0,0.0,5.0,3.0,2.0,3.0
ALPINE COUNTY,2020,5.0,5.0,0.0,7.0,4.0,2.0,5.0
ALPINE COUNTY,2021,15.0,0.0,0.0,14.0,1.0,0.0,14.0
ALPINE COUNTY,2023,9.0,0.0,0.0,10.0,5.0,0.0,10.0
ALPINE COUNTY,2024,4.0,1.0,0.0,4.0,6.0,0.0,4.0
ALPINE COUNTY,2025,9.0,0.0,0.0,4.0,7.0,0.0,4.0
ALTURAS,2019,1.0,1.0,0.0,1.0,1.0,1.0,0.0
ALTURAS,2020,3.0,3.0,0.0,3.0,3.0,2.0,1.0
ALTURAS,2021,1.0,1.0,0.0,1.0,1.0,1.0,0.0
ALTURAS,2025,1.0,1.0,0.0,0.0,0.0,0.0,0.0
AMADOR,2023,0.0,0.0,0.0,1.0,0.0,0.0,1.0
AMADOR,2024,0.0,0.0,0.0,1.0,0.0,0.0,1.0
AMADOR,2025,0.0,0.0,0.0,2.0,2.0,0.0,2.0
AMADOR COUNTY,2018,35.0,34.0,1.0,34.0,9.0,27.0,7.0
AMADOR COUNTY,2019,27.0,0.0,27.0,28.0,0.0,14.0,14.0
AMADOR COUNTY,2020,32.0,0.0,0.0,32.0,0.0,16.0,16.0
AMADOR COUNTY,2021,44.0,0.0,0.0,44.0,44.0,27.0,17.0
AMADOR COUNTY,2022,65.0,0.0,0.0,65.0,65.0,30.0,35.0
AMADOR COUNTY,2023,48.0,48.0,0.0,49.0,49.0,27.0,22.0
AMADOR COUNTY,2024,37.0,37.0,0.0,39.0,39.0,18.0,21.0
AMADOR COUNTY,2025,100.0,0.0,0.0,100.0,100.0,60.0,40.0
AMERICAN CANYON,2018,1260.0,1260.0,0.0,162.0,0.0,19.0,143.0
AMERICAN CANYON,2019,4.0,4.0,0.0,1.0,72.0,1.0,0.0
AMERICAN CANYON,2020,295.0,4.0,0.0,5.0,2.0,5.0,0.0
AMERICAN CANYON,2021,362.0,362.0,0.0,353.0,162.0,209.0,144.0
AMERICAN CANYON,2022,772.0,6.0,0.0,348.0,4.0,260.0,88.0
AMERICAN CANYON,2023,105.0,5.0,0.0,85.0,124.0,7.0,78.0
AMERICAN CANYON,2024,167.0,167.0,0.0,548.0,363.0,289.0,259.0
AMERICAN CANYON,2025,107.0,104.0,0.0,162.0,78.0,12.0,150.0
ANAHEIM,2018,1121.0,13.0,0.0,949.0,1757.0,5.0,944.0
ANAHEIM,2019,843.0,843.0,0.0,2130.0,1211.0,55.0,2075.0
ANAHEIM,2020,6099.0,5974.0,58.0,1232.0,748.0,228.0,1004.0
ANAHEIM,2021,840.0,840.0,0.0,702.0,77.0,35.0,667.0
ANAHEIM,2022,676.0,676.0,0.0,1238.0,682.0,355.0,883.0
ANAHEIM,2023,826.0,826.0,0.0,1680.0,822.0,431.0,1249.0
ANAHEIM,2024,948.0,432.0,504.0,1406.0,477.0,658.0,748.0
ANAHEIM,2025,1339.0,969.0,0.0,1411.0,1114.0,461.0,950.0
ANDERSON,2018,29.0,29.0,0.0,29.0,18.0,2.0,27.0
ANDERSON,2019,26.0,25.0,1.0,35.0,20.0,1.0,34.0
ANDERSON,2020,3.0,0.0,0.0,20.0,0.0,0.0,20.0
ANDERSON,2021,8.0,8.0,0.0,14.0,0.0,0.0,14.0
ANDERSON,2022,37.0,37.0,0.0,37.0,21.0,0.0,37.0
ANDERSON,2023,21.0,21.0,0.0,21.0,21.0,0.0,21.0
ANDERSON,2024,14.0,0.0,0.0,14.0,14.0,0.0,14.0
ANDERSON,2025,11.0,11.0,0.0,11.0,11.0,0.0,11.0
ANGELS CAMP,2018,8.0,0.0,0.0,23.0,8.0,2.0,21.0
ANGELS CAMP,2019,0.0,0.0,0.0,7.0,0.0,5.0,2.0
ANGELS CAMP,2020,137.0,107.0,0.0,0.0,0.0,0.0,0.0
ANGELS CAMP,2021,137.0,107.0,0.0,0.0,0.0,0.0,0.0
ANGELS CAMP,2022,0.0,0.0,0.0,4.0,4.0,0.0,4.0
ANGELS CAMP,2023,0.0,0.0,0.0,7.0,3.0,1.0,6.0
ANGELS CAMP,2024,0.0,0.0,0.0,5.0,5.0,0.0,5.0
ANGELS CAMP,2025,0.0,0.0,0.0,3.0,3.0,0.0,3.0
ANTIOCH,2018,397.0,2.0,0.0,121.0,135.0,2.0,119.0
ANTIOCH,2019,434.0,0.0,0.0,293.0,136.0,14.0,279.0
ANTIOCH,2020,467.0,0.0,0.0,714.0,272.0,406.0,308.0
ANTIOCH,2021,440.0,0.0,0.0,596.0,367.0,32.0,564.0
ANTIOCH,2022,74.0,0.0,0.0,365.0,859.0,0.0,365.0
ANTIOCH,2023,1361.0,0.0,0.0,384.0,315.0,33.0,351.0
ANTIOCH,2024,272.0,0.0,0.0,356.0,432.0,41.0,315.0
ANTIOCH,2025,2893.0,1295.0,0.0,175.0,198.0,44.0,131.0
APPLE VALLEY,2018,0.0,0.0,0.0,0.0,129.0,0.0,0.0
APPLE VALLEY,2020,6.0,6.0,0.0,194.0,194.0,194.0,0.0
APPLE VALLEY,2021,17.0,17.0,0.0,302.0,110.0,302.0,0.0
APPLE VALLEY,2022,47.0,18.0,0.0,110.0,40.0,110.0,0.0
APPLE VALLEY,2023,221.0,0.0,0.0,85.0,18.0,37.0,48.0
APPLE VALLEY,2024,65.0,0.0,0.0,96.0,0.0,18.0,78.0
ARCADIA,2018,64.0,28.0,0.0,69.0,113.0,0.0,69.0
ARCADIA,2019,31.0,31.0,0.0,98.0,1.0,0.0,98.0
ARCADIA,2020,111.0,40.0,0.0,96.0,134.0,0.0,96.0
ARCADIA,2021,864.0,76.0,0.0,100.0,101.0,0.0,100.0
ARCADIA,2022,358.0,4.0,0.0,131.0,62.0,0.0,131.0
ARCADIA,2023,538.0,26.0,0.0,123.0,50.0,0.0,123.0
ARCADIA,2024,219.0,95.0,0.0,437.0,109.0,26.0,411.0
ARCADIA,2025,470.0,130.0,0.0,155.0,119.0,0.0,155.0
ARCATA,2018,76.0,76.0,0.0,76.0,8.0,40.0,36.0
ARCATA,2019,24.0,24.0,0.0,25.0,39.0,16.0,9.0
ARCATA,2020,62.0,62.0,0.0,70.0,19.0,60.0,10.0
ARCATA,2021,54.0,54.0,0.0,54.0,8.0,40.0,14.0
ARCATA,2022,175.0,175.0,0.0,175.0,172.0,155.0,20.0
ARCATA,2023,159.0,159.0,0.0,159.0,109.0,118.0,41.0
ARCATA,2024,22.0,22.0,0.0,22.0,54.0,12.0,10.0
ARCATA,2025,53.0,53.0,0.0,53.0,19.0,11.0,42.0
ARROYO GRANDE,2018,57.0,16.0,0.0,35.0,53.0,13.0,22.0
ARROYO GRANDE,2019,5.0,0.0,5.0,69.0,24.0,20.0,49.0
ARROYO GRANDE,2020,22.0,1.0,0.0,54.0,83.0,0.0,54.0
ARROYO GRANDE,2021,92.0,92.0,0.0,14.0,25.0,0.0,14.0
ARROYO GRANDE,2022,18.0,18.0,0.0,17.0,18.0,13.0,4.0
ARROYO GRANDE,2023,26.0,26.0,0.0,32.0,16.0,17.0,15.0
ARROYO GRANDE,2024,35.0,0.0,0.0,95.0,23.0,88.0,7.0
ARROYO GRANDE,2025,121.0,29.0,0.0,16.0,22.0,15.0,1.0
ARTESIA,2018,8.0,8.0,0.0,19.0,19.0,0.0,19.0
ARTESIA,2019,26.0,26.0,0.0,11.0,2.0,0.0,11.0
ARTESIA,2020,19.0,19.0,0.0,8.0,0.0,0.0,8.0
ARTESIA,2021,16.0,0.0,0.0,16.0,4.0,0.0,16.0
ARTESIA,2022,25.0,25.0,0.0,15.0,0.0,0.0,15.0
ARTESIA,2024,13.0,0.0,0.0,85.0,53.0,21.0,64.0
ARTESIA,2025,90.0,0.0,0.0,50.0,11.0,11.0,39.0
ARVIN,2018,95.0,95.0,0.0,102.0,78.0,102.0,0.0
ARVIN,2019,68.0,68.0,0.0,111.0,67.0,111.0,0.0
ARVIN,2020,0.0,0.0,0.0,3.0,21.0,1.0,2.0
ARVIN,2021,0.0,0.0,0.0,47.0,62.0,47.0,0.0
ARVIN,2022,0.0,0.0,0.0,35.0,0.0,34.0,1.0
ARVIN,2023,0.0,0.0,0.0,50.0,0.0,34.0,16.0
ARVIN,2024,0.0,0.0,0.0,33.0,0.0,0.0,33.0
ARVIN,2025,6.0,6.0,0.0,6.0,0.0,5.0,1.0
ATASCADERO,2018,56.0,0.0,0.0,19.0,124.0,7.0,12.0
ATASCADERO,2019,57.0,0.0,57.0,69.0,27.0,5.0,64.0
ATASCADERO,2020,67.0,0.0,0.0,45.0,36.0,9.0,36.0
ATASCADERO,2021,210.0,210.0,0.0,136.0,47.0,70.0,66.0
ATASCADERO,2022,75.0,16.0,0.0,53.0,85.0,40.0,13.0
ATASCADERO,2023,168.0,93.0,0.0,115.0,7.0,107.0,8.0
ATASCADERO,2024,113.0,52.0,0.0,118.0,30.0,40.0,78.0
ATASCADERO,2025,78.0,1.0,0.0,88.0,114.0,72.0,16.0
ATHERTON,2018,0.0,0.0,0.0,34.0,21.0,6.0,28.0
ATHERTON,2019,0.0,0.0,0.0,29.0,0.0,10.0,19.0
ATHERTON,2020,0.0,0.0,0.0,59.0,29.0,34.0,25.0
ATHERTON,2021,0.0,0.0,0.0,62.0,31.0,32.0,30.0
ATHERTON,2022,41.0,36.0,0.0,51.0,41.0,15.0,36.0
ATHERTON,2023,91.0,81.0,0.0,111.0,57.0,20.0,91.0
ATHERTON,2024,85.0,85.0,0.0,109.0,44.0,62.0,47.0
ATHERTON,2025,110.0,111.0,0.0,60.0,3.0,18.0,42.0
ATWATER,2018,117.0,117.0,0.0,16.0,56.0,0.0,16.0
ATWATER,2019,9.0,0.0,9.0,9.0,0.0,0.0,9.0
ATWATER,2020,54.0,54.0,0.0,54.0,0.0,0.0,54.0
ATWATER,2021,0.0,0.0,0.0,59.0,0.0,0.0,59.0
ATWATER,2022,0.0,0.0,0.0,0.0,29.0,0.0,0.0
ATWATER,2023,25.0,25.0,0.0,7.0,7.0,0.0,7.0
ATWATER,2024,73.0,73.0,0.0,10.0,10.0,0.0,10.0
ATWATER,2025,0.0,0.0,0.0,10.0,0.0,0.0,10.0
AUBURN,2018,0.0,0.0,0.0,33.0,35.0,7.0,26.0
AUBURN,2019,57.0,0.0,0.0,45.0,42.0,10.0,35.0
AUBURN,2020,64.0,8.0,0.0,66.0,55.0,14.0,52.0
AUBURN,2021,64.0,8.0,0.0,80.0,71.0,16.0,64.0
AUBURN,2022,64.0,8.0,0.0,84.0,76.0,16.0,68.0
AUBURN,2023,56.0,0.0,0.0,122.0,106.0,29.0,93.0
AUBURN,2024,56.0,0.0,0.0,142.0,131.0,36.0,106.0
AUBURN,2025,56.0,0.0,0.0,164.0,152.0,38.0,126.0
AVALON,2018,2.0,0.0,2.0,2.0,2.0,0.0,2.0
AVALON,2019,0.0,0.0,0.0,0.0,0.0,0.0,0.0
AVALON,2020,0.0,0.0,0.0,4.0,0.0,0.0,4.0
AVALON,2022,0.0,0.0,0.0,5.0,1.0,0.0,5.0
AVALON,2023,0.0,0.0,0.0,4.0,0.0,0.0,4.0
AVALON,2024,36.0,0.0,0.0,0.0,4.0,0.0,0.0
AVALON,2025,6.0,6.0,0.0,7.0,5.0,0.0,7.0
AVENAL,2018,52.0,52.0,0.0,52.0,4.0,52.0,0.0
AVENAL,2019,17.0,17.0,0.0,17.0,9.0,17.0,0.0
AVENAL,2022,23.0,0.0,0.0,23.0,13.0,23.0,0.0
AVENAL,2023,31.0,31.0,0.0,11.0,11.0,11.0,0.0
AVENAL,2024,0.0,0.0,0.0,1.0,10.0,0.0,1.0
AVENAL,2025,10.0,0.0,0.0,5.0,0.0,0.0,5.0
AZUSA,2018,343.0,306.0,0.0,189.0,189.0,189.0,0.0
AZUSA,2019,37.0,29.0,0.0,179.0,2.0,0.0,179.0
AZUSA,2020,42.0,34.0,0.0,21.0,2.0,0.0,21.0
AZUSA,2021,88.0,77.0,0.0,32.0,0.0,23.0,9.0
AZUSA,2023,138.0,0.0,0.0,62.0,195.0,0.0,62.0
AZUSA,2024,91.0,66.0,1.0,89.0,172.0,0.0,89.0
BAKERSFIELD,2018,1646.0,1646.0,0.0,1180.0,504.0,2.0,1178.0
BAKERSFIELD,2019,1692.0,995.0,0.0,1692.0,1218.0,19.0,1673.0
BAKERSFIELD,2020,1555.0,1555.0,0.0,1457.0,501.0,239.0,1218.0
BAKERSFIELD,2021,1247.0,27.0,0.0,2521.0,1900.0,158.0,2363.0
BAKERSFIELD,2022,1488.0,0.0,0.0,1196.0,635.0,50.0,1146.0
BAKERSFIELD,2023,1573.0,1573.0,0.0,2227.0,1212.0,450.0,1777.0
BAKERSFIELD,2024,2578.0,0.0,0.0,1776.0,1784.0,88.0,1688.0
BAKERSFIELD,2025,2957.0,1224.0,0.0,2125.0,1644.0,205.0,1920.0
BALDWIN PARK,2018,40.0,44.0,0.0,88.0,28.0,1.0,87.0
BALDWIN PARK,2019,50.0,50.0,0.0,20.0,12.0,0.0,20.0
BALDWIN PARK,2020,31.0,31.0,0.0,16.0,23.0,0.0,16.0
BALDWIN PARK,2021,168.0,0.0,0.0,75.0,0.0,0.0,75.0
BALDWIN PARK,2022,179.0,0.0,0.0,76.0,76.0,0.0,76.0
BALDWIN PARK,2023,76.0,0.0,0.0,174.0,89.0,0.0,174.0
BALDWIN PARK,2024,104.0,76.0,0.0,174.0,48.0,51.0,123.0
BALDWIN PARK,2025,79.0,79.0,0.0,137.0,90.0,40.0,97.0
BANNING,2018,186.0,186.0,0.0,1.0,0.0,0.0,1.0
BANNING,2019,578.0,578.0,0.0,9.0,3.0,0.0,9.0
BANNING,2023,181.0,181.0,0.0,279.0,116.0,0.0,279.0
BARSTOW,2019,0.0,0.0,0.0,0.0,2.0,0.0,0.0
BARSTOW,2020,2.0,0.0,0.0,0.0,0.0,0.0,0.0
BARSTOW,2021,5.0,5.0,0.0,0.0,0.0,0.0,0.0
BARSTOW,2022,6.0,6.0,0.0,0.0,0.0,0.0,0.0
BARSTOW,2023,52.0,0.0,0.0,9.0,2.0,0.0,9.0
BARSTOW,2024,1.0,0.0,0.0,1.0,3.0,0.0,1.0
BARSTOW,2025,10.0,10.0,0.0,5.0,3.0,0.0,5.0
BEAUMONT,2018,0.0,0.0,0.0,343.0,698.0,0.0,343.0
BEAUMONT,2019,0.0,0.0,0.0,431.0,427.0,0.0,431.0
BEAUMONT,2020,13.0,7.0,0.0,307.0,310.0,1.0,306.0
BEAUMONT,2021,12.0,11.0,0.0,224.0,110.0,0.0,224.0
BEAUMONT,2022,245.0,238.0,2.0,768.0,769.0,0.0,768.0
BEAUMONT,2023,58.0,58.0,0.0,588.0,0.0,0.0,588.0
BEAUMONT,2024,84.0,18.0,0.0,538.0,534.0,0.0,538.0
BEAUMONT,2025,617.0,6.0,0.0,132.0,215.0,0.0,132.0
BELL,2019,20.0,0.0,20.0,12.0,0.0,0.0,12.0
BELL,2020,30.0,0.0,0.0,0.0,0.0,0.0,0.0
BELL,2021,60.0,0.0,0.0,8.0,0.0,8.0,0.0
BELL,2022,25.0,0.0,0.0,0.0,21.0,0.0,0.0
BELL,2023,32.0,32.0,0.0,19.0,0.0,0.0,19.0
BELL,2024,57.0,0.0,0.0,0.0,16.0,0.0,0.0
BELL,2025,102.0,37.0,0.0,28.0,0.0,22.0,6.0
BELL GARDENS,2018,72.0,72.0,0.0,53.0,8.0,4.0,49.0
BELL GARDENS,2019,24.0,24.0,0.0,7.0,0.0,0.0,7.0
BELL GARDENS,2020,32.0,0.0,0.0,10.0,3.0,0.0,10.0
BELL GARDENS,2021,80.0,0.0,0.0,78.0,52.0,0.0,78.0
BELL GARDENS,2022,65.0,13.0,0.0,40.0,16.0,0.0,40.0
BELL GARDENS,2023,78.0,0.0,0.0,59.0,33.0,0.0,59.0
BELL GARDENS,2024,182.0,0.0,0.0,41.0,42.0,0.0,41.0
BELL GARDENS,2025,83.0,0.0,0.0,26.0,12.0,0.0,26.0
BELLFLOWER,2018,69.0,12.0,0.0,49.0,2.0,0.0,49.0
BELLFLOWER,2019,22.0,22.0,0.0,29.0,3.0,0.0,29.0
BELLFLOWER,2020,200.0,200.0,0.0,54.0,14.0,0.0,54.0
BELLFLOWER,2021,123.0,123.0,0.0,186.0,40.0,0.0,186.0
BELLFLOWER,2022,61.0,30.0,0.0,82.0,40.0,0.0,82.0
BELLFLOWER,2023,162.0,162.0,0.0,17.0,1.0,0.0,17.0
BELLFLOWER,2024,134.0,64.0,0.0,72.0,72.0,0.0,72.0
BELLFLOWER,2025,128.0,128.0,0.0,86.0,86.0,0.0,86.0
BELMONT,2018,381.0,0.0,381.0,15.0,4.0,9.0,6.0
BELMONT,2019,417.0,339.0,78.0,12.0,13.0,12.0,0.0
BELMONT,2020,19.0,19.0,0.0,86.0,43.0,77.0,9.0
BELMONT,2021,210.0,210.0,0.0,268.0,9.0,50.0,218.0
BELMONT,2022,6.0,6.0,0.0,491.0,9.0,106.0,385.0
BELMONT,2023,226.0,14.0,0.0,25.0,20.0,19.0,6.0
BELMONT,2024,91.0,14.0,0.0,197.0,464.0,194.0,3.0
BELMONT,2025,71.0,0.0,0.0,66.0,24.0,59.0,7.0
BELVEDERE,2018,2.0,0.0,0.0,0.0,0.0,0.0,0.0
BELVEDERE,2019,3.0,3.0,0.0,2.0,0.0,1.0,1.0
BELVEDERE,2020,3.0,3.0,0.0,2.0,2.0,2.0,0.0
BELVEDERE,2021,5.0,5.0,0.0,2.0,2.0,2.0,0.0
BELVEDERE,2022,32.0,10.0,0.0,5.0,1.0,5.0,0.0
BELVEDERE,2023,14.0,9.0,0.0,12.0,5.0,11.0,1.0
BELVEDERE,2024,10.0,13.0,0.0,4.0,1.0,2.0,2.0
BELVEDERE,2025,17.0,19.0,0.0,28.0,6.0,26.0,2.0
BENICIA,2018,3.0,3.0,0.0,4.0,0.0,3.0,1.0
BENICIA,2019,13.0,13.0,0.0,4.0,0.0,3.0,1.0
BENICIA,2020,8.0,0.0,0.0,8.0,4.0,5.0,3.0
BENICIA,2021,5.0,0.0,0.0,11.0,2.0,9.0,2.0
BENICIA,2022,146.0,143.0,0.0,5.0,10.0,5.0,0.0
BENICIA,2023,17.0,8.0,0.0,11.0,5.0,1.0,10.0
BENICIA,2024,1089.0,0.0,0.0,17.0,13.0,0.0,17.0
BENICIA,2025,20.0,7.0,0.0,7.0,3.0,6.0,1.0
BERKELEY,2018,509.0,206.0,0.0,380.0,229.0,4.0,376.0
BERKELEY,2019,1204.0,803.0,0.0,363.0,313.0,13.0,350.0
BERKELEY,2020,348.0,175.0,0.0,766.0,405.0,186.0,580.0
BERKELEY,2021,773.0,629.0,0.0,506.0,331.0,56.0,450.0
BERKELEY,2022,1329.0,474.0,0.0,887.0,828.0,146.0,741.0
BERKELEY,2023,2224.0,2224.0,0.0,432.0,716.0,146.0,286.0
BERKELEY,2024,3832.0,1235.0,0.0,734.0,708.0,146.0,588.0
BERKELEY,2025,749.0,471.0,0.0,463.0,492.0,256.0,207.0
BEVERLY HILLS,2018,150.0,150.0,0.0,14.0,0.0,5.0,9.0
BEVERLY HILLS,2019,125.0,65.0,0.0,88.0,0.0,5.0,83.0
BEVERLY HILLS,2020,425.0,0.0,0.0,8.0,5.0,3.0,5.0
BEVERLY HILLS,2021,154.0,25.0,0.0,53.0,0.0,15.0,38.0
BEVERLY HILLS,2022,164.0,31.0,0.0,77.0,0.0,0.0,77.0
BEVERLY HILLS,2023,320.0,13.0,0.0,64.0,20.0,20.0,44.0
BEVERLY HILLS,2024,1044.0,37.0,0.0,102.0,75.0,17.0,85.0
BEVERLY HILLS,2025,1380.0,615.0,0.0,68.0,32.0,17.0,51.0
BIG BEAR LAKE,2018,39.0,39.0,0.0,36.0,2.0,7.0,29.0
BIG BEAR LAKE,2019,69.0,69.0,0.0,66.0,26.0,10.0,56.0
BIG BEAR LAKE,2020,94.0,94.0,0.0,91.0,61.0,12.0,79.0
BIG BEAR LAKE,2021,131.0,131.0,0.0,129.0,87.0,14.0,115.0
BIG BEAR LAKE,2022,164.0,164.0,0.0,33.0,21.0,0.0,33.0
BIG BEAR LAKE,2023,23.0,0.0,0.0,0.0,44.0,0.0,0.0
BIG BEAR LAKE,2024,27.0,0.0,0.0,26.0,74.0,0.0,26.0
BIG BEAR LAKE,2025,44.0,0.0,0.0,55.0,108.0,0.0,55.0
BIGGS,2018,0.0,0.0,0.0,0.0,3.0,0.0,0.0
BIGGS,2019,0.0,0.0,0.0,0.0,1.0,0.0,0.0
BIGGS,2022,13.0,0.0,0.0,0.0,0.0,0.0,0.0
BISHOP,2018,1.0,1.0,0.0,1.0,0.0,0.0,1.0
BISHOP,2019,23.0,23.0,0.0,13.0,5.0,9.0,4.0
BISHOP,2020,17.0,17.0,0.0,11.0,14.0,10.0,1.0
BISHOP,2021,10.0,8.0,0.0,13.0,7.0,11.0,2.0
BISHOP,2022,22.0,18.0,0.0,24.0,10.0,16.0,8.0
BISHOP,2023,2.0,0.0,0.0,17.0,17.0,16.0,1.0
BISHOP,2024,19.0,19.0,0.0,44.0,23.0,28.0,16.0
BISHOP,2025,0.0,0.0,0.0,47.0,25.0,26.0,21.0
BLUE LAKE,2019,2.0,2.0,0.0,2.0,0.0,1.0,1.0
BLUE LAKE,2020,2.0,2.0,0.0,2.0,0.0,1.0,1.0
BLUE LAKE,2022,2.0,0.0,0.0,2.0,2.0,0.0,2.0
BLUE LAKE,2023,3.0,3.0,0.0,4.0,0.0,0.0,4.0
BLUE LAKE,2024,3.0,0.0,0.0,3.0,0.0,0.0,3.0
BLUE LAKE,2025,3.0,3.0,0.0,3.0,2.0,0.0,3.0
BLYTHE,2018,5.0,5.0,0.0,5.0,7.0,5.0,0.0
BLYTHE,2019,4.0,4.0,0.0,6.0,5.0,6.0,0.0
BLYTHE,2020,3.0,3.0,0.0,3.0,2.0,3.0,0.0
BLYTHE,2021,3.0,2.0,0.0,8.0,3.0,8.0,0.0
BLYTHE,2022,4.0,4.0,0.0,2.0,1.0,0.0,2.0
BLYTHE,2023,6.0,6.0,0.0,1.0,4.0,1.0,0.0
BLYTHE,2024,0.0,0.0,0.0,4.0,1.0,0.0,4.0
BLYTHE,2025,1.0,1.0,0.0,0.0,7.0,0.0,0.0
BRADBURY,2020,75.0,43.0,32.0,19.0,0.0,0.0,19.0
BRADBURY,2021,2.0,0.0,0.0,1.0,0.0,0.0,1.0
BRADBURY,2022,2.0,2.0,0.0,4.0,2.0,0.0,4.0
BRADBURY,2023,2.0,2.0,0.0,5.0,2.0,0.0,5.0
BRADBURY,2024,7.0,7.0,0.0,10.0,3.0,0.0,10.0
BRADBURY,2025,26.0,8.0,0.0,14.0,5.0,0.0,14.0
BRAWLEY,2018,79.0,79.0,0.0,92.0,92.0,63.0,29.0
BRAWLEY,2019,17.0,17.0,0.0,111.0,111.0,109.0,2.0
BRAWLEY,2020,206.0,178.0,0.0,125.0,125.0,125.0,0.0
BRAWLEY,2021,1.0,0.0,0.0,235.0,235.0,118.0,117.0
BRAWLEY,2022,18.0,13.0,0.0,13.0,0.0,2.0,11.0
BRAWLEY,2023,16.0,15.0,0.0,54.0,0.0,43.0,11.0
BRAWLEY,2024,31.0,0.0,0.0,28.0,0.0,5.0,23.0
BRAWLEY,2025,83.0,67.0,0.0,66.0,62.0,64.0,2.0
BREA,2018,0.0,0.0,0.0,329.0,266.0,0.0,329.0
BREA,2019,430.0,0.0,0.0,715.0,192.0,20.0,695.0
BREA,2020,1305.0,6.0,0.0,20.0,56.0,0.0,20.0
BREA,2021,1261.0,0.0,0.0,18.0,3.0,0.0,18.0
BREA,2022,1100.0,0.0,0.0,692.0,677.0,0.0,692.0
BREA,2023,16.0,4.0,0.0,15.0,19.0,0.0,15.0
BREA,2024,27.0,6.0,0.0,17.0,8.0,3.0,14.0
BREA,2025,404.0,437.0,0.0,70.0,12.0,38.0,32.0
BRENTWOOD,2018,24.0,24.0,0.0,345.0,167.0,22.0,323.0
BRENTWOOD,2019,24.0,24.0,0.0,694.0,172.0,33.0,661.0
BRENTWOOD,2020,126.0,115.0,0.0,984.0,172.0,49.0,935.0
BRENTWOOD,2021,0.0,0.0,0.0,742.0,275.0,18.0,724.0
BRENTWOOD,2022,243.0,53.0,0.0,0.0,0.0,0.0,0.0
BRENTWOOD,2023,2.0,0.0,0.0,332.0,230.0,40.0,292.0
BRENTWOOD,2024,484.0,69.0,0.0,55.0,255.0,20.0,35.0
BRENTWOOD,2025,11.0,11.0,0.0,123.0,85.0,26.0,97.0
BRISBANE,2018,0.0,0.0,0.0,6.0,4.0,5.0,1.0
BRISBANE,2019,5.0,5.0,0.0,18.0,13.0,11.0,7.0
BRISBANE,2020,8.0,6.0,0.0,3.0,10.0,2.0,1.0
BRISBANE,2021,15.0,2.0,0.0,12.0,3.0,7.0,5.0
BRISBANE,2022,17.0,0.0,0.0,11.0,7.0,6.0,5.0
BRISBANE,2023,13.0,6.0,0.0,6.0,2.0,5.0,1.0
BRISBANE,2024,4.0,0.0,0.0,6.0,0.0,5.0,1.0
BRISBANE,2025,7.0,0.0,0.0,9.0,5.0,7.0,2.0
BUELLTON,2018,8.0,8.0,0.0,36.0,51.0,0.0,36.0
BUELLTON,2019,64.0,1.0,0.0,18.0,36.0,1.0,17.0
BUELLTON,2020,2.0,2.0,0.0,0.0,17.0,0.0,0.0
BUELLTON,2021,3.0,2.0,0.0,3.0,1.0,3.0,0.0
BUELLTON,2022,198.0,198.0,0.0,1.0,2.0,1.0,0.0
BUELLTON,2023,5.0,5.0,0.0,53.0,1.0,52.0,1.0
BUELLTON,2024,107.0,107.0,0.0,181.0,2.0,179.0,2.0
BUELLTON,2025,3.0,3.0,0.0,8.0,100.0,4.0,4.0
BUENA PARK,2018,226.0,225.0,0.0,7.0,73.0,0.0,7.0
BUENA PARK,2019,13.0,7.0,0.0,5.0,3.0,0.0,5.0
BUENA PARK,2020,223.0,218.0,0.0,109.0,6.0,58.0,51.0
BUENA PARK,2021,0.0,0.0,0.0,100.0,100.0,17.0,83.0
BUENA PARK,2022,159.0,105.0,0.0,196.0,58.0,76.0,120.0
BUENA PARK,2023,1650.0,79.0,0.0,76.0,135.0,48.0,28.0
BUENA PARK,2024,300.0,0.0,0.0,127.0,238.0,83.0,44.0
BUENA PARK,2025,505.0,207.0,0.0,308.0,372.0,240.0,68.0
BURBANK,2018,2125.0,0.0,0.0,61.0,32.0,26.0,35.0
BURBANK,2019,176.0,0.0,0.0,115.0,272.0,62.0,53.0
BURBANK,2020,480.0,0.0,0.0,196.0,103.0,56.0,140.0
BURBANK,2021,1585.0,862.0,0.0,384.0,384.0,185.0,199.0
BURBANK,2022,683.0,0.0,0.0,840.0,840.0,210.0,630.0
BURBANK,2023,762.0,0.0,0.0,325.0,103.0,166.0,159.0
BURBANK,2024,485.0,128.0,0.0,514.0,70.0,384.0,130.0
BURBANK,2025,417.0,62.0,0.0,284.0,78.0,199.0,85.0
BURLINGAME,2018,231.0,19.0,1.0,300.0,3.0,29.0,271.0
BURLINGAME,2019,695.0,283.0,0.0,10.0,5.0,0.0,10.0
BURLINGAME,2020,504.0,346.0,0.0,287.0,29.0,145.0,142.0
BURLINGAME,2021,807.0,62.0,0.0,474.0,22.0,53.0,421.0
BURLINGAME,2022,190.0,43.0,0.0,351.0,160.0,43.0,308.0
BURLINGAME,2023,45.0,33.0,0.0,999.0,199.0,176.0,823.0
BURLINGAME,2024,41.0,34.0,0.0,52.0,446.0,37.0,15.0
BURLINGAME,2025,212.0,33.0,0.0,66.0,473.0,41.0,25.0
BUTTE COUNTY,2018,214.0,29.0,0.0,153.0,0.0,80.0,73.0
BUTTE COUNTY,2019,42.0,0.0,0.0,151.0,33.0,56.0,95.0
BUTTE COUNTY,2020,205.0,0.0,0.0,342.0,71.0,159.0,183.0
BUTTE COUNTY,2021,27.0,0.0,0.0,332.0,52.0,162.0,170.0
BUTTE COUNTY,2022,23.0,0.0,0.0,243.0,244.0,86.0,157.0
BUTTE COUNTY,2023,34.0,0.0,0.0,192.0,329.0,0.0,192.0
BUTTE COUNTY,2024,16.0,0.0,0.0,171.0,158.0,0.0,171.0
BUTTE COUNTY,2025,36.0,0.0,0.0,285.0,137.0,126.0,159.0
CALABASAS,2018,190.0,9.0,3.0,83.0,15.0,5.0,78.0
CALABASAS,2019,11.0,11.0,0.0,10.0,29.0,0.0,10.0
CALABASAS,2020,13.0,13.0,0.0,7.0,2.0,5.0,2.0
CALABASAS,2021,193.0,13.0,180.0,9.0,0.0,7.0,2.0
CALABASAS,2022,130.0,0.0,0.0,6.0,0.0,4.0,2.0
CALABASAS,2023,144.0,119.0,0.0,20.0,5.0,4.0,16.0
CALABASAS,2024,28.0,20.0,0.0,21.0,6.0,5.0,16.0
CALABASAS,2025,154.0,12.0,0.0,99.0,12.0,18.0,81.0
CALAVERAS COUNTY,2018,72.0,57.0,0.0,45.0,9.0,25.0,20.0
CALAVERAS COUNTY,2019,121.0,121.0,0.0,64.0,61.0,0.0,64.0
CALAVERAS COUNTY,2020,53.0,52.0,0.0,71.0,23.0,46.0,25.0
CALAVERAS COUNTY,2021,189.0,108.0,0.0,89.0,51.0,0.0,89.0
CALAVERAS COUNTY,2022,319.0,225.0,6.0,230.0,104.0,93.0,137.0
CALAVERAS COUNTY,2023,95.0,89.0,2.0,324.0,191.0,142.0,182.0
CALAVERAS COUNTY,2024,71.0,70.0,0.0,401.0,255.0,179.0,222.0
CALAVERAS COUNTY,2025,136.0,0.0,0.0,464.0,313.0,202.0,262.0
CALEXICO,2018,27.0,0.0,27.0,0.0,0.0,0.0,0.0
CALEXICO,2019,182.0,191.0,0.0,218.0,114.0,218.0,0.0
CALEXICO,2020,135.0,135.0,0.0,31.0,31.0,31.0,0.0
CALEXICO,2021,35.0,35.0,0.0,37.0,28.0,37.0,0.0
CALEXICO,2022,49.0,49.0,0.0,101.0,39.0,97.0,4.0
CALEXICO,2023,26.0,26.0,0.0,47.0,66.0,46.0,1.0
CALEXICO,2024,107.0,96.0,0.0,81.0,95.0,78.0,3.0
CALEXICO,2025,65.0,0.0,0.0,97.0,47.0,92.0,5.0
CALIFORNIA CITY,2022,0.0,0.0,0.0,103.0,0.0,0.0,103.0
CALIFORNIA CITY,2024,135.0,0.0,0.0,134.0,15.0,0.0,134.0
CALIFORNIA CITY,2025,115.0,115.0,0.0,130.0,37.0,130.0,0.0
CALIMESA,2018,615.0,612.0,0.0,86.0,7.0,0.0,86.0
CALIMESA,2019,191.0,151.0,0.0,286.0,228.0,0.0,286.0
CALIMESA,2020,4.0,2.0,0.0,342.0,330.0,0.0,342.0
CALIMESA,2021,182.0,2.0,0.0,94.0,188.0,1.0,93.0
CALIMESA,2022,6.0,6.0,0.0,16.0,50.0,3.0,13.0
CALIMESA,2023,409.0,4.0,240.0,12.0,1.0,12.0,0.0
CALIMESA,2024,290.0,290.0,0.0,4.0,7.0,4.0,0.0
CALIPATRIA,2018,0.0,0.0,0.0,1.0,1.0,1.0,0.0
CALIPATRIA,2019,1.0,1.0,0.0,1.0,0.0,1.0,0.0
CALIPATRIA,2021,10.0,0.0,0.0,0.0,0.0,0.0,0.0
CALIPATRIA,2022,8.0,0.0,0.0,5.0,0.0,5.0,0.0
CALIPATRIA,2023,5.0,5.0,0.0,3.0,7.0,3.0,0.0
CALIPATRIA,2025,4.0,4.0,0.0,4.0,0.0,4.0,0.0
CALISTOGA,2018,83.0,79.0,4.0,10.0,37.0,4.0,6.0
CALISTOGA,2019,5.0,5.0,0.0,13.0,9.0,3.0,10.0
CALISTOGA,2020,143.0,130.0,0.0,9.0,3.0,6.0,3.0
CALISTOGA,2021,51.0,1.0,0.0,15.0,15.0,0.0,15.0
CALISTOGA,2022,24.0,0.0,0.0,84.0,0.0,80.0,4.0
CALISTOGA,2023,33.0,0.0,0.0,8.0,1.0,0.0,8.0
CALISTOGA,2024,0.0,0.0,0.0,26.0,9.0,2.0,24.0
CALISTOGA,2025,0.0,0.0,0.0,26.0,93.0,2.0,24.0
CAMARILLO,2018,2.0,2.0,0.0,467.0,718.0,229.0,238.0
CAMARILLO,2019,20.0,20.0,0.0,88.0,350.0,16.0,72.0
CAMARILLO,2020,637.0,184.0,0.0,112.0,143.0,17.0,95.0
CAMARILLO,2021,28.0,28.0,0.0,168.0,103.0,7.0,161.0
CAMARILLO,2022,39.0,39.0,0.0,44.0,149.0,24.0,20.0
CAMARILLO,2023,69.0,54.0,15.0,94.0,60.0,89.0,5.0
CAMARILLO,2024,33.0,33.0,0.0,548.0,17.0,94.0,454.0
CAMARILLO,2025,45.0,0.0,0.0,177.0,275.0,39.0,138.0
CAMPBELL,2018,53.0,53.0,0.0,53.0,230.0,7.0,46.0
CAMPBELL,2019,135.0,134.0,1.0,89.0,275.0,7.0,82.0
CAMPBELL,2020,272.0,198.0,0.0,146.0,303.0,7.0,139.0
CAMPBELL,2021,34.0,26.0,0.0,216.0,303.0,9.0,207.0
CAMPBELL,2022,204.0,70.0,0.0,284.0,337.0,9.0,275.0
CAMPBELL,2023,596.0,36.0,0.0,418.0,405.0,37.0,381.0
CAMPBELL,2024,272.0,131.0,0.0,511.0,471.0,100.0,411.0
CAMPBELL,2025,429.0,26.0,0.0,620.0,560.0,143.0,477.0
CANYON LAKE,2018,0.0,0.0,0.0,14.0,15.0,0.0,14.0
CANYON LAKE,2019,7.0,0.0,7.0,0.0,7.0,0.0,0.0
CANYON LAKE,2020,8.0,8.0,0.0,8.0,8.0,0.0,8.0
CANYON LAKE,2021,10.0,10.0,0.0,0.0,0.0,0.0,0.0
CANYON LAKE,2022,10.0,10.0,0.0,10.0,0.0,0.0,10.0
CANYON LAKE,2023,14.0,0.0,0.0,14.0,2.0,0.0,14.0
CANYON LAKE,2024,11.0,10.0,0.0,11.0,11.0,0.0,11.0
CAPITOLA,2018,27.0,27.0,0.0,19.0,19.0,3.0,16.0
CAPITOLA,2019,21.0,21.0,0.0,27.0,7.0,0.0,27.0
CAPITOLA,2020,11.0,11.0,0.0,13.0,11.0,3.0,10.0
CAPITOLA,2021,8.0,8.0,0.0,11.0,2.0,5.0,6.0
CAPITOLA,2022,47.0,47.0,0.0,16.0,9.0,5.0,11.0
CAPITOLA,2023,69.0,14.0,0.0,63.0,13.0,63.0,0.0
CAPITOLA,2024,78.0,71.0,0.0,89.0,9.0,64.0,25.0
CAPITOLA,2025,23.0,22.0,0.0,64.0,47.0,46.0,18.0
CARLSBAD,2018,369.0,39.0,0.0,243.0,218.0,33.0,210.0
CARLSBAD,2019,436.0,30.0,0.0,322.0,548.0,110.0,212.0
CARLSBAD,2020,191.0,122.0,0.0,377.0,551.0,117.0,260.0
CARLSBAD,2021,255.0,234.0,0.0,150.0,409.0,74.0,76.0
CARLSBAD,2022,286.0,37.0,0.0,125.0,220.0,82.0,43.0
CARLSBAD,2023,298.0,43.0,0.0,640.0,65.0,296.0,344.0
CARLSBAD,2024,241.0,55.0,0.0,289.0,234.0,68.0,221.0
CARLSBAD,2025,813.0,219.0,0.0,343.0,719.0,36.0,307.0
CARMEL,2018,36.0,30.0,0.0,13.0,3.0,1.0,12.0
CARMEL,2019,25.0,25.0,0.0,4.0,4.0,1.0,3.0
CARMEL,2020,94.0,52.0,0.0,30.0,7.0,3.0,27.0
CARMEL,2021,27.0,14.0,0.0,19.0,12.0,1.0,18.0
CARMEL,2022,9.0,0.0,0.0,30.0,16.0,0.0,30.0
CARMEL,2023,16.0,16.0,0.0,67.0,37.0,9.0,58.0
CARMEL,2024,20.0,0.0,0.0,22.0,9.0,0.0,22.0
CARMEL,2025,23.0,7.0,0.0,23.0,15.0,0.0,23.0
CARPINTERIA,2018,56.0,0.0,5.0,1.0,0.0,0.0,1.0
CARPINTERIA,2019,4.0,0.0,0.0,25.0,4.0,0.0,25.0
CARPINTERIA,2020,0.0,0.0,0.0,14.0,12.0,0.0,14.0
CARPINTERIA,2021,1.0,1.0,0.0,11.0,16.0,0.0,11.0
CARPINTERIA,2022,7.0,0.0,0.0,1.0,9.0,0.0,1.0
CARPINTERIA,2023,87.0,45.0,0.0,10.0,1.0,0.0,10.0
CARPINTERIA,2024,181.0,22.0,0.0,43.0,19.0,9.0,34.0
CARPINTERIA,2025,209.0,15.0,0.0,20.0,12.0,3.0,17.0
CARSON,2018,33.0,33.0,0.0,8.0,6.0,2.0,6.0
CARSON,2019,283.0,283.0,0.0,248.0,18.0,0.0,248.0
CARSON,2020,159.0,159.0,0.0,6.0,13.0,0.0,6.0
CARSON,2021,471.0,361.0,0.0,83.0,14.0,0.0,83.0
CARSON,2022,0.0,0.0,0.0,6.0,19.0,0.0,6.0
CARSON,2023,174.0,22.0,0.0,115.0,67.0,0.0,115.0
CARSON,2024,1383.0,0.0,0.0,86.0,69.0,0.0,86.0
CARSON,2025,100.0,100.0,0.0,45.0,37.0,0.0,45.0
CATHEDRAL,2018,89.0,0.0,89.0,89.0,0.0,0.0,89.0
CATHEDRAL,2019,144.0,0.0,144.0,144.0,0.0,0.0,144.0
CATHEDRAL,2020,264.0,264.0,0.0,264.0,207.0,15.0,249.0
CATHEDRAL,2021,222.0,222.0,0.0,222.0,185.0,75.0,147.0
CATHEDRAL,2022,73.0,72.0,0.0,67.0,80.0,19.0,48.0
CATHEDRAL,2023,356.0,129.0,0.0,133.0,14.0,26.0,107.0
CATHEDRAL,2024,1056.0,1033.0,0.0,117.0,54.0,13.0,104.0
CATHEDRAL,2025,213.0,177.0,0.0,295.0,205.0,121.0,174.0
CERES,2018,0.0,0.0,0.0,0.0,0.0,0.0,0.0
CERES,2019,0.0,0.0,0.0,64.0,0.0,6.0,58.0
CERES,2020,0.0,0.0,0.0,15.0,0.0,2.0,13.0
CERES,2024,111.0,0.0,0.0,54.0,26.0,0.0,54.0
CERES,2025,84.0,81.0,0.0,25.0,17.0,0.0,25.0
CERRITOS,2019,3.0,3.0,0.0,3.0,1.0,3.0,0.0
CERRITOS,2020,7.0,6.0,0.0,0.0,0.0,0.0,0.0
CERRITOS,2021,7.0,6.0,0.0,3.0,3.0,3.0,0.0
CERRITOS,2022,9.0,9.0,0.0,6.0,2.0,4.0,2.0
CERRITOS,2023,11.0,11.0,0.0,14.0,3.0,5.0,9.0
CERRITOS,2024,10.0,5.0,0.0,6.0,7.0,5.0,1.0
CERRITOS,2025,8.0,8.0,0.0,14.0,11.0,5.0,9.0
CHICO,2018,944.0,941.0,3.0,450.0,560.0,2.0,448.0
CHICO,2019,289.0,289.0,0.0,714.0,477.0,143.0,571.0
CHICO,2020,516.0,516.0,0.0,497.0,421.0,58.0,439.0
CHICO,2021,475.0,98.0,0.0,807.0,575.0,491.0,316.0
CHICO,2022,202.0,84.0,0.0,821.0,813.0,560.0,261.0
CHICO,2023,483.0,483.0,0.0,224.0,623.0,42.0,182.0
CHICO,2024,493.0,454.0,0.0,298.0,711.0,221.0,77.0
CHICO,2025,6.0,6.0,0.0,244.0,343.0,159.0,85.0
CHINO,2018,964.0,776.0,0.0,915.0,696.0,0.0,915.0
CHINO,2019,24.0,8.0,0.0,550.0,706.0,0.0,550.0
CHINO,2020,512.0,512.0,0.0,824.0,581.0,0.0,824.0
CHINO,2021,911.0,909.0,0.0,759.0,406.0,0.0,759.0
CHINO,2022,422.0,422.0,0.0,919.0,522.0,25.0,894.0
CHINO,2023,223.0,1.0,0.0,207.0,62.0,0.0,207.0
CHINO,2024,2142.0,579.0,0.0,747.0,406.0,12.0,735.0
CHINO,2025,582.0,132.0,0.0,737.0,419.0,12.0,725.0
CHINO HILLS,2018,4.0,4.0,0.0,224.0,807.0,0.0,224.0
CHINO HILLS,2019,399.0,0.0,399.0,60.0,305.0,0.0,60.0
CHINO HILLS,2020,434.0,3.0,0.0,37.0,62.0,5.0,32.0
CHINO HILLS,2021,4.0,3.0,0.0,18.0,29.0,14.0,4.0
CHINO HILLS,2022,3.0,3.0,0.0,62.0,23.0,16.0,46.0
CHINO HILLS,2023,6.0,6.0,0.0,40.0,17.0,23.0,17.0
CHINO HILLS,2024,194.0,6.0,1.0,81.0,96.0,21.0,60.0
CHINO HILLS,2025,613.0,3.0,0.0,140.0,111.0,0.0,140.0
CHOWCHILLA,2018,200.0,0.0,200.0,50.0,50.0,50.0,0.0
CHOWCHILLA,2019,200.0,0.0,200.0,9.0,9.0,4.0,5.0
CHOWCHILLA,2020,28.0,28.0,0.0,0.0,0.0,0.0,0.0
CHOWCHILLA,2021,140.0,0.0,0.0,53.0,0.0,0.0,53.0
CHOWCHILLA,2022,79.0,79.0,0.0,79.0,32.0,0.0,79.0
CHOWCHILLA,2023,156.0,0.0,0.0,0.0,0.0,0.0,0.0
CHOWCHILLA,2024,0.0,0.0,0.0,50.0,0.0,0.0,50.0
CHOWCHILLA,2025,789.0,503.0,0.0,121.0,36.0,119.0,2.0
CHULA VISTA,2018,736.0,130.0,0.0,1777.0,290.0,0.0,1777.0
CHULA VISTA,2019,2737.0,0.0,0.0,2126.0,1394.0,0.0,2126.0
CHULA VISTA,2020,1300.0,219.0,0.0,960.0,1255.0,0.0,960.0
CHULA VISTA,2021,1606.0,1332.0,0.0,1852.0,774.0,123.0,1729.0
CHULA VISTA,2022,3059.0,1452.0,0.0,1182.0,1341.0,371.0,811.0
CHULA VISTA,2023,1602.0,1603.0,0.0,879.0,1062.0,254.0,625.0
CHULA VISTA,2024,668.0,673.0,0.0,1643.0,1348.0,282.0,1361.0
CHULA VISTA,2025,2047.0,0.0,0.0,723.0,1428.0,224.0,499.0
CITRUS HEIGHTS,2018,356.0,302.0,0.0,19.0,7.0,2.0,17.0
CITRUS HEIGHTS,2019,69.0,47.0,0.0,19.0,24.0,7.0,12.0
CITRUS HEIGHTS,2020,0.0,0.0,0.0,34.0,6.0,8.0,26.0
CITRUS HEIGHTS,2021,30.0,0.0,0.0,358.0,77.0,167.0,191.0
CITRUS HEIGHTS,2022,111.0,0.0,0.0,159.0,187.0,41.0,118.0
CITRUS HEIGHTS,2023,112.0,0.0,94.0,44.0,121.0,29.0,15.0
CITRUS HEIGHTS,2024,26.0,26.0,0.0,40.0,150.0,20.0,20.0
CITRUS HEIGHTS,2025,3.0,0.0,0.0,180.0,25.0,153.0,27.0
CLAREMONT,2018,38.0,38.0,0.0,37.0,50.0,7.0,30.0
CLAREMONT,2019,56.0,56.0,0.0,66.0,306.0,23.0,43.0
CLAREMONT,2020,41.0,39.0,0.0,49.0,25.0,12.0,37.0
CLAREMONT,2021,116.0,34.0,0.0,45.0,14.0,21.0,24.0
CLAREMONT,2022,817.0,81.0,0.0,53.0,27.0,16.0,37.0
CLAREMONT,2023,259.0,194.0,0.0,74.0,75.0,38.0,36.0
CLAREMONT,2024,102.0,187.0,0.0,139.0,26.0,118.0,21.0
CLAREMONT,2025,13.0,29.0,0.0,52.0,29.0,28.0,24.0
CLAYTON,2020,21.0,0.0,0.0,3.0,2.0,3.0,0.0
CLAYTON,2021,0.0,0.0,0.0,2.0,2.0,2.0,0.0
CLAYTON,2022,5.0,5.0,0.0,23.0,0.0,7.0,16.0
CLAYTON,2023,73.0,8.0,0.0,0.0,21.0,0.0,0.0
CLAYTON,2024,0.0,0.0,0.0,11.0,3.0,5.0,6.0
CLEARLAKE,2018,25.0,0.0,24.0,10.0,0.0,5.0,5.0
CLEARLAKE,2019,13.0,13.0,0.0,15.0,0.0,10.0,5.0
CLEARLAKE,2020,16.0,15.0,0.0,6.0,0.0,5.0,1.0
CLEARLAKE,2021,16.0,16.0,0.0,118.0,0.0,118.0,0.0
CLEARLAKE,2022,194.0,192.0,0.0,0.0,0.0,0.0,0.0
CLEARLAKE,2023,14.0,0.0,0.0,0.0,0.0,0.0,0.0
CLEARLAKE,2024,278.0,197.0,0.0,197.0,87.0,182.0,15.0
CLEARLAKE,2025,89.0,95.0,0.0,0.0,0.0,0.0,0.0
CLOVERDALE,2018,40.0,40.0,0.0,14.0,14.0,0.0,14.0
CLOVERDALE,2019,336.0,10.0,325.0,29.0,21.0,5.0,24.0
CLOVERDALE,2020,26.0,2.0,0.0,3.0,29.0,0.0,3.0
CLOVERDALE,2021,75.0,0.0,0.0,32.0,4.0,22.0,10.0
CLOVERDALE,2022,187.0,187.0,0.0,107.0,24.0,103.0,4.0
CLOVERDALE,2023,25.0,0.0,0.0,26.0,3.0,24.0,2.0
CLOVERDALE,2024,81.0,78.0,0.0,101.0,1.0,74.0,27.0
CLOVERDALE,2025,55.0,0.0,0.0,3.0,27.0,3.0,0.0
CLOVIS,2018,1417.0,1416.0,1.0,1107.0,577.0,413.0,694.0
CLOVIS,2019,1002.0,1002.0,0.0,1093.0,940.0,567.0,526.0
CLOVIS,2020,1124.0,1124.0,0.0,1124.0,1361.0,479.0,645.0
CLOVIS,2021,598.0,336.0,0.0,929.0,1168.0,505.0,424.0
CLOVIS,2022,1342.0,1342.0,0.0,854.0,577.0,396.0,458.0
CLOVIS,2023,3194.0,227.0,0.0,691.0,644.0,25.0,666.0
CLOVIS,2024,3212.0,3048.0,0.0,1467.0,1165.0,362.0,1105.0
CLOVIS,2025,3688.0,3688.0,0.0,916.0,609.0,60.0,856.0
COACHELLA,2018,0.0,0.0,0.0,0.0,0.0,0.0,0.0
COACHELLA,2020,120.0,120.0,0.0,342.0,0.0,277.0,65.0
COACHELLA,2021,457.0,107.0,0.0,176.0,110.0,176.0,0.0
COACHELLA,2022,9852.0,0.0,0.0,244.0,82.0,52.0,192.0
COACHELLA,2023,82.0,81.0,0.0,316.0,80.0,183.0,133.0
COACHELLA,2024,91.0,54.0,0.0,189.0,55.0,92.0,97.0
COACHELLA,2025,1723.0,77.0,0.0,163.0,139.0,129.0,34.0
COALINGA,2018,0.0,0.0,0.0,44.0,0.0,14.0,30.0
COALINGA,2019,0.0,0.0,0.0,68.0,0.0,0.0,68.0
COALINGA,2020,0.0,0.0,0.0,0.0,0.0,0.0,0.0
COALINGA,2021,0.0,0.0,0.0,0.0,0.0,0.0,0.0
COALINGA,2022,0.0,0.0,0.0,155.0,0.0,155.0,0.0
COALINGA,2023,0.0,0.0,0.0,155.0,0.0,155.0,0.0
COALINGA,2024,46.0,0.0,0.0,0.0,0.0,0.0,0.0
COALINGA,2025,0.0,0.0,0.0,1.0,2.0,1.0,0.0
COLFAX,2019,0.0,0.0,0.0,20.0,0.0,0.0,20.0
COLFAX,2020,0.0,0.0,0.0,14.0,0.0,5.0,9.0
COLFAX,2021,0.0,0.0,0.0,14.0,28.0,5.0,9.0
COLFAX,2022,8.0,8.0,0.0,9.0,9.0,1.0,8.0
COLFAX,2024,1.0,1.0,0.0,1.0,1.0,0.0,1.0
COLFAX,2025,5.0,3.0,0.0,0.0,0.0,0.0,0.0
COLMA,2018,0.0,0.0,0.0,69.0,7.0,65.0,4.0
COLMA,2019,0.0,0.0,0.0,66.0,67.0,65.0,1.0
COLMA,2025,1.0,1.0,0.0,1.0,0.0,1.0,0.0
COLTON,2018,7.0,0.0,0.0,69.0,0.0,0.0,69.0
COLTON,2019,13.0,0.0,0.0,61.0,0.0,0.0,61.0
COLTON,2020,62.0,62.0,0.0,87.0,0.0,0.0,87.0
COLTON,2021,21.0,21.0,0.0,44.0,0.0,0.0,44.0
COLTON,2022,50.0,50.0,0.0,55.0,0.0,0.0,55.0
COLTON,2023,53.0,53.0,0.0,28.0,21.0,0.0,28.0
COLTON,2024,49.0,32.0,0.0,63.0,48.0,21.0,42.0
COLTON,2025,153.0,153.0,0.0,53.0,52.0,23.0,30.0
COLUSA,2018,180.0,180.0,0.0,9.0,1.0,0.0,9.0
COLUSA,2020,24.0,24.0,0.0,39.0,14.0,31.0,8.0
COLUSA,2022,14.0,0.0,0.0,26.0,26.0,16.0,10.0
COLUSA,2023,105.0,0.0,0.0,114.0,0.0,114.0,0.0
COLUSA,2025,0.0,0.0,0.0,55.0,0.0,48.0,7.0
COLUSA COUNTY,2018,12.0,11.0,0.0,11.0,7.0,5.0,6.0
COLUSA COUNTY,2019,4.0,4.0,0.0,4.0,1.0,4.0,0.0
COLUSA COUNTY,2020,0.0,0.0,0.0,20.0,0.0,13.0,7.0
COLUSA COUNTY,2021,0.0,0.0,0.0,21.0,2.0,11.0,10.0
COLUSA COUNTY,2022,0.0,0.0,0.0,9.0,18.0,7.0,2.0
COLUSA COUNTY,2023,0.0,0.0,0.0,4.0,18.0,2.0,2.0
COLUSA COUNTY,2024,0.0,0.0,0.0,12.0,3.0,8.0,4.0
COLUSA COUNTY,2025,7.0,0.0,0.0,5.0,1.0,4.0,1.0
COMMERCE,2021,0.0,0.0,0.0,36.0,4.0,0.0,36.0
COMMERCE,2022,15.0,4.0,0.0,5.0,0.0,5.0,0.0
COMMERCE,2023,19.0,21.0,0.0,3.0,0.0,0.0,3.0
COMMERCE,2025,80.0,0.0,0.0,0.0,0.0,0.0,0.0
COMPTON,2018,49.0,49.0,0.0,0.0,0.0,0.0,0.0
COMPTON,2019,40.0,40.0,0.0,73.0,14.0,0.0,73.0
COMPTON,2020,408.0,405.0,0.0,39.0,0.0,0.0,39.0
COMPTON,2021,617.0,616.0,0.0,44.0,4.0,0.0,44.0
COMPTON,2022,12.0,12.0,0.0,87.0,0.0,0.0,87.0
COMPTON,2023,7.0,7.0,0.0,95.0,12.0,0.0,95.0
CONCORD,2018,292.0,292.0,0.0,24.0,58.0,0.0,24.0
CONCORD,2019,296.0,296.0,0.0,56.0,28.0,1.0,55.0
CONCORD,2020,345.0,0.0,0.0,286.0,28.0,4.0,282.0
CONCORD,2021,192.0,100.0,0.0,43.0,59.0,0.0,43.0
CONCORD,2022,86.0,30.0,0.0,144.0,126.0,61.0,83.0
CONCORD,2023,113.0,19.0,0.0,336.0,203.0,255.0,81.0
CONCORD,2024,341.0,0.0,0.0,152.0,91.0,89.0,63.0
CONCORD,2025,108.0,30.0,0.0,253.0,139.0,238.0,15.0
CONTRA COSTA COUNTY,2018,77.0,61.0,0.0,669.0,76.0,235.0,434.0
CONTRA COSTA COUNTY,2019,9.0,0.0,0.0,219.0,238.0,5.0,214.0
CONTRA COSTA COUNTY,2020,522.0,414.0,8.0,138.0,403.0,1.0,137.0
CONTRA COSTA COUNTY,2021,266.0,132.0,0.0,527.0,347.0,105.0,422.0
CONTRA COSTA COUNTY,2022,125.0,124.0,0.0,738.0,161.0,193.0,545.0
CONTRA COSTA COUNTY,2023,270.0,170.0,1.0,971.0,476.0,373.0,598.0
CONTRA COSTA COUNTY,2024,312.0,266.0,0.0,782.0,247.0,381.0,401.0
CONTRA COSTA COUNTY,2025,426.0,383.0,0.0,480.0,364.0,267.0,213.0
CORCORAN,2019,50.0,49.0,1.0,0.0,0.0,0.0,0.0
CORCORAN,2020,3.0,5.0,0.0,3.0,0.0,3.0,0.0
CORCORAN,2021,15.0,15.0,0.0,15.0,0.0,15.0,0.0
CORCORAN,2022,19.0,0.0,0.0,19.0,15.0,18.0,1.0
CORCORAN,2023,58.0,0.0,0.0,58.0,24.0,56.0,2.0
CORCORAN,2024,11.0,0.0,0.0,11.0,11.0,0.0,11.0
CORNING,2018,0.0,0.0,0.0,17.0,0.0,4.0,13.0
CORNING,2019,64.0,64.0,0.0,16.0,16.0,16.0,0.0
CORNING,2020,2.0,2.0,0.0,7.0,7.0,7.0,0.0
CORNING,2021,34.0,2.0,0.0,7.0,7.0,7.0,0.0
CORNING,2022,5.0,0.0,0.0,78.0,78.0,78.0,0.0
CORNING,2023,26.0,1273.0,0.0,79.0,79.0,79.0,0.0
CORNING,2024,3.0,0.0,0.0,0.0,27.0,0.0,0.0
CORONA,2018,12.0,12.0,0.0,421.0,4.0,85.0,336.0
CORONA,2019,0.0,0.0,0.0,609.0,535.0,0.0,609.0
CORONA,2020,172.0,15.0,0.0,155.0,350.0,0.0,155.0
CORONA,2021,299.0,0.0,0.0,186.0,427.0,0.0,186.0
CORONA,2022,600.0,118.0,0.0,174.0,167.0,52.0,122.0
CORONA,2023,1406.0,124.0,0.0,326.0,304.0,0.0,326.0
CORONA,2024,1408.0,1066.0,0.0,447.0,264.0,0.0,447.0
CORONA,2025,735.0,107.0,0.0,224.0,248.0,0.0,224.0
CORONADO,2018,44.0,24.0,0.0,15.0,20.0,0.0,15.0
CORONADO,2019,38.0,38.0,0.0,28.0,27.0,0.0,28.0
CORONADO,2020,27.0,0.0,0.0,51.0,51.0,0.0,51.0
CORONADO,2021,43.0,31.0,0.0,50.0,27.0,0.0,50.0
CORONADO,2022,53.0,30.0,0.0,52.0,30.0,0.0,52.0
CORONADO,2023,35.0,8.0,0.0,38.0,30.0,0.0,38.0
CORONADO,2024,43.0,32.0,0.0,40.0,42.0,0.0,40.0
CORONADO,2025,45.0,11.0,0.0,24.0,36.0,0.0,24.0
CORTE MADERA,2018,5.0,5.0,0.0,7.0,5.0,7.0,0.0
CORTE MADERA,2019,7.0,3.0,0.0,4.0,20.0,4.0,0.0
CORTE MADERA,2020,31.0,4.0,0.0,4.0,4.0,4.0,0.0
CORTE MADERA,2021,39.0,0.0,0.0,58.0,5.0,42.0,16.0
CORTE MADERA,2022,16.0,0.0,0.0,17.0,26.0,16.0,1.0
CORTE MADERA,2023,15.0,6.0,0.0,6.0,12.0,6.0,0.0
CORTE MADERA,2024,115.0,6.0,0.0,15.0,26.0,13.0,2.0
CORTE MADERA,2025,243.0,106.0,1.0,7.0,5.0,6.0,1.0
COSTA MESA,2018,337.0,336.0,1.0,182.0,737.0,4.0,178.0
COSTA MESA,2019,1169.0,104.0,0.0,198.0,142.0,6.0,192.0
COSTA MESA,2020,101.0,47.0,0.0,275.0,140.0,28.0,247.0
COSTA MESA,2021,123.0,47.0,0.0,74.0,90.0,43.0,31.0
COSTA MESA,2022,173.0,69.0,0.0,156.0,38.0,151.0,5.0
COSTA MESA,2023,1222.0,30.0,0.0,114.0,34.0,97.0,17.0
COSTA MESA,2024,531.0,0.0,0.0,123.0,275.0,89.0,34.0
COSTA MESA,2025,586.0,549.0,0.0,230.0,84.0,196.0,34.0
COTATI,2018,4.0,4.0,0.0,2.0,2.0,2.0,0.0
COTATI,2019,7.0,7.0,0.0,7.0,7.0,4.0,3.0
COTATI,2020,20.0,20.0,0.0,20.0,20.0,4.0,16.0
COTATI,2021,134.0,36.0,0.0,36.0,30.0,14.0,22.0
COTATI,2022,7.0,7.0,0.0,7.0,20.0,3.0,4.0
COTATI,2023,127.0,1.0,0.0,4.0,3.0,1.0,3.0
COTATI,2024,12.0,0.0,0.0,10.0,7.0,4.0,6.0
COTATI,2025,11.0,9.0,0.0,4.0,2.0,3.0,1.0
COVINA,2018,27.0,15.0,0.0,17.0,33.0,0.0,17.0
COVINA,2019,208.0,0.0,208.0,100.0,109.0,18.0,82.0
COVINA,2020,221.0,0.0,0.0,25.0,93.0,18.0,7.0
COVINA,2021,97.0,44.0,0.0,52.0,22.0,27.0,25.0
COVINA,2022,198.0,17.0,0.0,131.0,29.0,34.0,97.0
COVINA,2023,214.0,0.0,0.0,308.0,180.0,111.0,197.0
COVINA,2024,54.0,0.0,0.0,120.0,180.0,96.0,24.0
COVINA,2025,135.0,123.0,0.0,155.0,66.0,91.0,64.0
CRESCENT CITY,2018,5.0,5.0,0.0,5.0,0.0,1.0,4.0
CRESCENT CITY,2019,3.0,3.0,0.0,3.0,0.0,2.0,1.0
CRESCENT CITY,2020,5.0,5.0,0.0,5.0,4.0,0.0,5.0
CRESCENT CITY,2021,5.0,5.0,0.0,5.0,1.0,0.0,5.0
CRESCENT CITY,2022,15.0,15.0,0.0,20.0,9.0,0.0,20.0
CRESCENT CITY,2023,8.0,8.0,0.0,19.0,17.0,0.0,19.0
CRESCENT CITY,2024,213.0,0.0,0.0,213.0,1.0,160.0,53.0
CUDAHY,2018,58.0,52.0,0.0,0.0,0.0,0.0,0.0
CUDAHY,2019,188.0,188.0,0.0,12.0,0.0,2.0,10.0
CUDAHY,2020,242.0,229.0,0.0,5.0,0.0,0.0,5.0
CUDAHY,2021,67.0,23.0,0.0,18.0,6.0,0.0,18.0
CUDAHY,2022,144.0,144.0,0.0,4.0,55.0,0.0,4.0
CUDAHY,2023,36.0,9.0,0.0,51.0,3.0,4.0,47.0
CUDAHY,2024,409.0,0.0,0.0,35.0,4.0,0.0,35.0
CUDAHY,2025,25.0,25.0,0.0,164.0,12.0,136.0,28.0
CULVER CITY,2018,69.0,59.0,10.0,279.0,21.0,8.0,271.0
CULVER CITY,2019,246.0,78.0,134.0,78.0,57.0,1.0,77.0
CULVER CITY,2020,98.0,63.0,0.0,70.0,111.0,0.0,70.0
CULVER CITY,2021,447.0,301.0,0.0,243.0,116.0,0.0,243.0
CULVER CITY,2022,224.0,166.0,0.0,166.0,79.0,73.0,93.0
CULVER CITY,2023,116.0,64.0,0.0,87.0,62.0,3.0,84.0
CULVER CITY,2024,1829.0,60.0,0.0,87.0,78.0,0.0,87.0
CULVER CITY,2025,1637.0,1259.0,0.0,90.0,80.0,0.0,90.0
CUPERTINO,2018,2402.0,2402.0,0.0,36.0,0.0,34.0,2.0
CUPERTINO,2019,242.0,0.0,0.0,39.0,0.0,15.0,24.0
CUPERTINO,2020,9.0,0.0,0.0,20.0,0.0,19.0,1.0
CUPERTINO,2021,218.0,48.0,0.0,90.0,24.0,89.0,1.0
CUPERTINO,2022,580.0,451.0,0.0,128.0,33.0,24.0,104.0
CUPERTINO,2023,164.0,89.0,0.0,68.0,90.0,30.0,38.0
CUPERTINO,2024,715.0,0.0,0.0,80.0,178.0,40.0,40.0
CUPERTINO,2025,3178.0,2768.0,0.0,111.0,102.0,54.0,57.0
CYPRESS,2018,53.0,8.0,45.0,263.0,92.0,7.0,256.0
CYPRESS,2019,8.0,0.0,8.0,237.0,170.0,7.0,230.0
CYPRESS,2020,386.0,251.0,0.0,6.0,1.0,2.0,4.0
CYPRESS,2021,108.0,108.0,0.0,89.0,78.0,11.0,78.0
CYPRESS,2022,17.0,17.0,0.0,428.0,64.0,11.0,417.0
CYPRESS,2023,19.0,19.0,0.0,120.0,94.0,13.0,107.0
CYPRESS,2024,48.0,37.0,0.0,107.0,73.0,53.0,54.0
CYPRESS,2025,81.0,78.0,0.0,40.0,50.0,10.0,30.0
DALY CITY,2018,611.0,611.0,0.0,99.0,124.0,77.0,22.0
DALY CITY,2019,677.0,122.0,0.0,152.0,96.0,71.0,81.0
DALY CITY,2020,71.0,56.0,0.0,280.0,329.0,65.0,215.0
DALY CITY,2021,1643.0,0.0,0.0,262.0,157.0,180.0,82.0
DALY CITY,2022,22.0,14.0,8.0,110.0,122.0,29.0,81.0
DALY CITY,2023,42.0,0.0,0.0,44.0,38.0,21.0,23.0
DALY CITY,2024,1112.0,1112.0,0.0,28.0,183.0,0.0,28.0
DALY CITY,2025,0.0,0.0,0.0,191.0,98.0,167.0,24.0
DANA POINT,2018,31.0,31.0,0.0,182.0,57.0,14.0,168.0
DANA POINT,2019,40.0,40.0,0.0,105.0,9.0,9.0,96.0
DANA POINT,2020,30.0,5.0,0.0,54.0,58.0,10.0,44.0
DANA POINT,2021,95.0,13.0,0.0,53.0,109.0,16.0,37.0
DANA POINT,2022,63.0,18.0,0.0,35.0,157.0,3.0,32.0
DANA POINT,2023,28.0,13.0,0.0,28.0,22.0,6.0,22.0
DANA POINT,2024,36.0,14.0,0.0,19.0,16.0,4.0,15.0
DANA POINT,2025,33.0,9.0,0.0,42.0,30.0,3.0,39.0
DANVILLE,2018,145.0,0.0,0.0,214.0,53.0,26.0,188.0
DANVILLE,2019,29.0,2.0,27.0,239.0,51.0,39.0,200.0
DANVILLE,2020,18.0,5.0,0.0,42.0,38.0,22.0,20.0
DANVILLE,2021,284.0,0.0,0.0,50.0,168.0,39.0,11.0
DANVILLE,2022,215.0,0.0,0.0,56.0,11.0,37.0,19.0
DANVILLE,2023,364.0,186.0,0.0,90.0,35.0,19.0,71.0
DANVILLE,2024,239.0,111.0,0.0,70.0,63.0,0.0,70.0
DANVILLE,2025,536.0,169.0,0.0,126.0,111.0,44.0,82.0
DAVIS,2018,924.0,541.0,164.0,369.0,133.0,266.0,103.0
DAVIS,2019,908.0,7.0,901.0,282.0,121.0,246.0,36.0
DAVIS,2020,9.0,9.0,0.0,66.0,344.0,53.0,13.0
DAVIS,2021,31.0,31.0,0.0,388.0,48.0,374.0,14.0
DAVIS,2022,327.0,327.0,0.0,415.0,61.0,397.0,18.0
DAVIS,2023,1608.0,565.0,0.0,802.0,312.0,388.0,414.0
DAVIS,2024,2317.0,821.0,0.0,974.0,414.0,406.0,568.0
DAVIS,2025,2477.0,1426.0,0.0,1235.0,1046.0,218.0,1017.0
DEL MAR,2018,15.0,12.0,0.0,1.0,1.0,1.0,0.0
DEL MAR,2019,3.0,3.0,0.0,5.0,1.0,4.0,1.0
DEL MAR,2020,9.0,0.0,0.0,15.0,3.0,14.0,1.0
DEL MAR,2021,86.0,0.0,0.0,24.0,6.0,14.0,10.0
DEL MAR,2022,40.0,0.0,0.0,26.0,19.0,15.0,11.0
DEL MAR,2023,209.0,0.0,0.0,27.0,23.0,15.0,12.0
DEL MAR,2024,18.0,0.0,0.0,20.0,21.0,11.0,9.0
DEL MAR,2025,18.0,15.0,0.0,14.0,17.0,11.0,3.0
DEL NORTE COUNTY,2018,44.0,44.0,0.0,45.0,9.0,21.0,24.0
DEL NORTE COUNTY,2019,95.0,95.0,0.0,81.0,52.0,50.0,31.0
DEL NORTE COUNTY,2020,24.0,24.0,0.0,51.0,50.0,20.0,31.0
DEL NORTE COUNTY,2021,61.0,61.0,0.0,50.0,41.0,24.0,26.0
DEL NORTE COUNTY,2022,109.0,108.0,0.0,129.0,43.0,48.0,81.0
DEL NORTE COUNTY,2023,63.0,63.0,0.0,133.0,77.0,47.0,86.0
DEL NORTE COUNTY,2024,75.0,75.0,0.0,142.0,63.0,64.0,78.0
DEL NORTE COUNTY,2025,88.0,47.0,0.0,220.0,120.0,119.0,101.0
DEL REY OAKS,2020,0.0,0.0,0.0,1.0,0.0,1.0,0.0
DEL REY OAKS,2021,5.0,5.0,0.0,5.0,0.0,5.0,0.0
DEL REY OAKS,2022,7.0,7.0,0.0,7.0,0.0,7.0,0.0
DEL REY OAKS,2023,3.0,3.0,0.0,3.0,3.0,3.0,0.0
DEL REY OAKS,2024,4.0,4.0,0.0,4.0,2.0,4.0,0.0
DEL REY OAKS,2025,5.0,0.0,0.0,5.0,4.0,3.0,2.0
DELANO,2018,307.0,307.0,0.0,68.0,52.0,0.0,68.0
DELANO,2019,40.0,40.0,0.0,63.0,63.0,63.0,0.0
DELANO,2020,96.0,48.0,0.0,123.0,91.0,123.0,0.0
DELANO,2021,0.0,0.0,0.0,155.0,133.0,155.0,0.0
DELANO,2022,0.0,0.0,0.0,159.0,0.0,159.0,0.0
DELANO,2023,0.0,0.0,0.0,110.0,0.0,110.0,0.0
DELANO,2024,0.0,0.0,0.0,107.0,0.0,0.0,107.0
DELANO,2025,117.0,117.0,0.0,142.0,142.0,0.0,142.0
DESERT HOT SPRINGS,2018,0.0,0.0,0.0,45.0,41.0,45.0,0.0
DESERT HOT SPRINGS,2019,131.0,24.0,0.0,21.0,22.0,21.0,0.0
DESERT HOT SPRINGS,2020,120.0,0.0,0.0,37.0,37.0,37.0,0.0
DESERT HOT SPRINGS,2021,140.0,140.0,0.0,57.0,57.0,57.0,0.0
DESERT HOT SPRINGS,2022,287.0,0.0,0.0,236.0,121.0,234.0,2.0
DESERT HOT SPRINGS,2023,476.0,80.0,0.0,133.0,158.0,74.0,59.0
DESERT HOT SPRINGS,2024,206.0,203.0,3.0,136.0,92.0,62.0,74.0
DESERT HOT SPRINGS,2025,293.0,197.0,1.0,248.0,238.0,166.0,82.0
DIAMOND BAR,2018,12.0,7.0,0.0,33.0,31.0,0.0,33.0
DIAMOND BAR,2019,1.0,1.0,0.0,11.0,23.0,6.0,5.0
DIAMOND BAR,2020,4.0,4.0,0.0,10.0,14.0,7.0,3.0
DIAMOND BAR,2021,15.0,15.0,0.0,20.0,6.0,17.0,3.0
DIAMOND BAR,2022,52.0,52.0,0.0,46.0,10.0,42.0,4.0
DIAMOND BAR,2023,39.0,39.0,0.0,41.0,26.0,35.0,6.0
DIAMOND BAR,2024,33.0,33.0,0.0,67.0,55.0,56.0,11.0
DIAMOND BAR,2025,90.0,83.0,0.0,51.0,39.0,47.0,4.0
DINUBA,2018,0.0,0.0,0.0,99.0,0.0,69.0,30.0
DINUBA,2019,0.0,0.0,0.0,233.0,98.0,28.0,205.0
DINUBA,2020,0.0,0.0,0.0,49.0,41.0,23.0,26.0
DINUBA,2021,71.0,0.0,0.0,92.0,68.0,66.0,26.0
DINUBA,2022,230.0,0.0,0.0,21.0,107.0,3.0,18.0
DINUBA,2023,325.0,0.0,0.0,86.0,71.0,13.0,73.0
DINUBA,2024,174.0,174.0,0.0,97.0,79.0,15.0,82.0
DINUBA,2025,173.0,173.0,0.0,117.0,94.0,23.0,94.0
DIXON,2019,0.0,0.0,0.0,115.0,41.0,71.0,44.0
DIXON,2020,162.0,0.0,0.0,174.0,174.0,15.0,159.0
DIXON,2021,605.0,0.0,0.0,390.0,104.0,43.0,347.0
DIXON,2022,280.0,280.0,0.0,250.0,183.0,0.0,250.0
DIXON,2023,256.0,0.0,0.0,409.0,191.0,72.0,337.0
DIXON,2024,0.0,0.0,0.0,283.0,116.0,108.0,175.0
DIXON,2025,0.0,0.0,0.0,235.0,42.0,0.0,235.0
DORRIS,2018,0.0,0.0,0.0,0.0,0.0,0.0,0.0
DORRIS,2020,1.0,1.0,0.0,1.0,0.0,1.0,0.0
DORRIS,2021,2.0,2.0,0.0,1.0,0.0,1.0,0.0
DOS PALOS,2018,3.0,3.0,0.0,3.0,3.0,3.0,0.0
DOS PALOS,2019,2.0,0.0,0.0,0.0,0.0,0.0,0.0
DOS PALOS,2020,2.0,2.0,0.0,1.0,1.0,1.0,0.0
DOS PALOS,2021,2.0,2.0,0.0,2.0,2.0,2.0,0.0
DOS PALOS,2022,0.0,0.0,0.0,0.0,1.0,0.0,0.0
DOWNEY,2018,12.0,4.0,0.0,87.0,0.0,0.0,87.0
DOWNEY,2019,35.0,24.0,0.0,41.0,52.0,0.0,41.0
DOWNEY,2020,141.0,52.0,0.0,59.0,38.0,0.0,59.0
DOWNEY,2021,196.0,196.0,0.0,120.0,0.0,0.0,120.0
DOWNEY,2022,247.0,90.0,0.0,235.0,105.0,0.0,235.0
DOWNEY,2023,318.0,108.0,0.0,268.0,100.0,0.0,268.0
DOWNEY,2024,243.0,134.0,0.0,220.0,159.0,0.0,220.0
DOWNEY,2025,801.0,96.0,0.0,302.0,163.0,105.0,197.0
DUARTE,2018,34.0,34.0,0.0,24.0,4.0,6.0,18.0
DUARTE,2019,635.0,635.0,0.0,186.0,18.0,0.0,186.0
DUARTE,2020,37.0,10.0,0.0,10.0,30.0,8.0,2.0
DUARTE,2021,33.0,19.0,0.0,366.0,5.0,22.0,344.0
DUARTE,2022,22.0,19.0,0.0,313.0,22.0,21.0,292.0
DUARTE,2023,31.0,28.0,0.0,20.0,359.0,20.0,0.0
DUARTE,2024,34.0,0.0,0.0,34.0,19.0,20.0,14.0
DUARTE,2025,200.0,198.0,0.0,23.0,321.0,18.0,5.0
DUBLIN,2018,0.0,0.0,0.0,787.0,1020.0,17.0,770.0
DUBLIN,2019,11.0,11.0,0.0,241.0,621.0,8.0,233.0
DUBLIN,2020,578.0,12.0,566.0,500.0,340.0,27.0,473.0
DUBLIN,2021,1038.0,1036.0,0.0,777.0,243.0,13.0,764.0
DUBLIN,2022,797.0,700.0,0.0,353.0,313.0,7.0,346.0
DUBLIN,2023,1324.0,619.0,0.0,386.0,460.0,0.0,386.0
DUBLIN,2024,1749.0,239.0,0.0,90.0,247.0,1.0,89.0
DUBLIN,2025,60.0,60.0,0.0,575.0,731.0,171.0,404.0
DUNSMUIR,2019,1.0,0.0,1.0,0.0,1.0,0.0,0.0
DUNSMUIR,2020,0.0,0.0,0.0,1.0,0.0,1.0,0.0
DUNSMUIR,2023,1.0,1.0,0.0,1.0,0.0,0.0,1.0
EAST PALO ALTO,2018,196.0,186.0,10.0,0.0,0.0,0.0,0.0
EAST PALO ALTO,2019,151.0,136.0,15.0,9.0,0.0,8.0,1.0
EAST PALO ALTO,2020,62.0,0.0,0.0,103.0,11.0,99.0,4.0
EAST PALO ALTO,2021,111.0,111.0,0.0,32.0,9.0,27.0,5.0
EAST PALO ALTO,2022,635.0,26.0,0.0,29.0,22.0,25.0,4.0
EAST PALO ALTO,2023,166.0,60.0,0.0,149.0,148.0,140.0,9.0
EAST PALO ALTO,2024,1063.0,1063.0,0.0,49.0,36.0,44.0,5.0
EAST PALO ALTO,2025,404.0,91.0,0.0,176.0,195.0,165.0,11.0
EASTVALE,2018,322.0,322.0,0.0,117.0,43.0,0.0,117.0
EASTVALE,2019,41.0,11.0,30.0,67.0,5.0,0.0,67.0
EASTVALE,2020,234.0,17.0,1.0,191.0,238.0,0.0,191.0
EASTVALE,2021,138.0,0.0,0.0,82.0,72.0,0.0,82.0
EASTVALE,2022,501.0,22.0,0.0,9.0,0.0,0.0,9.0
EASTVALE,2023,510.0,509.0,0.0,15.0,7.0,0.0,15.0
EASTVALE,2024,884.0,0.0,0.0,443.0,0.0,0.0,443.0
EASTVALE,2025,950.0,950.0,0.0,452.0,278.0,13.0,439.0
EL CAJON,2018,47.0,0.0,0.0,168.0,53.0,74.0,94.0
EL CAJON,2019,257.0,226.0,0.0,232.0,184.0,85.0,147.0
EL CAJON,2020,152.0,48.0,0.0,45.0,35.0,0.0,45.0
EL CAJON,2021,241.0,159.0,0.0,155.0,165.0,129.0,26.0
EL CAJON,2022,130.0,56.0,0.0,71.0,38.0,39.0,32.0
EL CAJON,2023,237.0,31.0,0.0,140.0,50.0,60.0,80.0
EL CAJON,2024,337.0,230.0,0.0,210.0,87.0,125.0,85.0
EL CAJON,2025,241.0,94.0,0.0,210.0,235.0,83.0,127.0
EL CENTRO,2018,95.0,95.0,0.0,185.0,90.0,179.0,6.0
EL CENTRO,2019,13.0,13.0,0.0,98.0,79.0,93.0,5.0
EL CENTRO,2020,172.0,172.0,0.0,167.0,44.0,153.0,14.0
EL CENTRO,2021,367.0,367.0,0.0,194.0,106.0,179.0,15.0
EL CENTRO,2022,968.0,367.0,0.0,38.0,6.0,38.0,0.0
EL CENTRO,2023,1040.0,367.0,0.0,205.0,38.0,205.0,0.0
EL CENTRO,2024,153.0,0.0,0.0,466.0,361.0,456.0,10.0
EL CENTRO,2025,170.0,170.0,0.0,164.0,97.0,126.0,38.0
EL CERRITO,2018,450.0,379.0,0.0,18.0,86.0,0.0,18.0
EL CERRITO,2019,16.0,16.0,0.0,136.0,75.0,0.0,136.0
EL CERRITO,2020,87.0,87.0,0.0,171.0,21.0,0.0,171.0
EL CERRITO,2021,57.0,57.0,0.0,56.0,96.0,0.0,56.0
EL CERRITO,2022,321.0,6.0,0.0,48.0,27.0,0.0,48.0
EL CERRITO,2023,94.0,85.0,0.0,50.0,189.0,0.0,50.0
EL CERRITO,2024,4.0,1.0,0.0,111.0,25.0,104.0,7.0
EL CERRITO,2025,6.0,0.0,0.0,86.0,40.0,81.0,5.0
EL DORADO COUNTY,2018,756.0,93.0,0.0,452.0,157.0,0.0,452.0
EL DORADO COUNTY,2019,1231.0,123.0,0.0,536.0,216.0,60.0,476.0
EL DORADO COUNTY,2020,669.0,224.0,0.0,845.0,192.0,45.0,800.0
EL DORADO COUNTY,2021,145.0,93.0,0.0,675.0,133.0,76.0,599.0
EL DORADO COUNTY,2022,794.0,0.0,0.0,611.0,578.0,55.0,556.0
EL DORADO COUNTY,2023,4983.0,0.0,0.0,626.0,522.0,155.0,471.0
EL DORADO COUNTY,2024,147.0,4.0,0.0,589.0,558.0,152.0,437.0
EL DORADO COUNTY,2025,556.0,30.0,0.0,493.0,457.0,171.0,322.0
EL MONTE,2018,34.0,0.0,0.0,507.0,253.0,49.0,458.0
EL MONTE,2019,11.0,11.0,0.0,168.0,55.0,55.0,113.0
EL MONTE,2020,222.0,159.0,0.0,225.0,80.0,59.0,166.0
EL MONTE,2021,137.0,118.0,19.0,100.0,33.0,53.0,47.0
EL MONTE,2022,925.0,906.0,0.0,168.0,33.0,53.0,115.0
EL MONTE,2023,204.0,46.0,0.0,353.0,58.0,91.0,262.0
EL MONTE,2024,243.0,27.0,0.0,166.0,71.0,60.0,106.0
EL MONTE,2025,227.0,106.0,0.0,218.0,140.0,0.0,218.0
EL SEGUNDO,2018,0.0,0.0,0.0,62.0,31.0,0.0,62.0
EL SEGUNDO,2019,0.0,0.0,0.0,19.0,3.0,0.0,19.0
EL SEGUNDO,2020,0.0,0.0,0.0,26.0,14.0,0.0,26.0
EL SEGUNDO,2021,0.0,0.0,0.0,15.0,0.0,0.0,15.0
EL SEGUNDO,2022,0.0,0.0,0.0,32.0,0.0,0.0,32.0
EL SEGUNDO,2023,24.0,0.0,0.0,22.0,0.0,0.0,22.0
EL SEGUNDO,2024,44.0,13.0,0.0,28.0,4.0,0.0,28.0
EL SEGUNDO,2025,43.0,0.0,0.0,36.0,11.0,0.0,36.0
ELK GROVE,2018,936.0,112.0,0.0,793.0,347.0,0.0,793.0
ELK GROVE,2019,2092.0,1696.0,396.0,1107.0,898.0,95.0,1012.0
ELK GROVE,2020,3657.0,293.0,0.0,762.0,725.0,0.0,762.0
ELK GROVE,2021,1708.0,0.0,0.0,684.0,766.0,111.0,573.0
ELK GROVE,2022,2988.0,1895.0,67.0,989.0,695.0,384.0,605.0
ELK GROVE,2023,2658.0,583.0,0.0,1212.0,806.0,386.0,826.0
ELK GROVE,2024,1538.0,51.0,0.0,1294.0,1071.0,181.0,1113.0
ELK GROVE,2025,319.0,240.0,0.0,1569.0,1918.0,80.0,1489.0
EMERYVILLE,2018,0.0,0.0,0.0,78.0,6.0,8.0,70.0
EMERYVILLE,2019,1032.0,0.0,1.0,0.0,187.0,0.0,0.0
EMERYVILLE,2020,100.0,94.0,0.0,503.0,165.0,85.0,418.0
EMERYVILLE,2021,24.0,5.0,0.0,252.0,59.0,8.0,244.0
EMERYVILLE,2022,240.0,77.0,0.0,225.0,203.0,33.0,192.0
EMERYVILLE,2023,383.0,12.0,0.0,616.0,499.0,149.0,467.0
EMERYVILLE,2024,11.0,2.0,0.0,127.0,22.0,92.0,35.0
EMERYVILLE,2025,9.0,8.0,0.0,111.0,99.0,97.0,14.0
ENCINITAS,2018,17.0,5.0,0.0,148.0,3.0,17.0,131.0
ENCINITAS,2019,15.0,10.0,0.0,188.0,140.0,55.0,133.0
ENCINITAS,2020,290.0,290.0,0.0,201.0,168.0,62.0,139.0
ENCINITAS,2021,752.0,230.0,0.0,153.0,159.0,52.0,101.0
ENCINITAS,2022,1500.0,594.0,0.0,157.0,115.0,62.0,95.0
ENCINITAS,2023,1255.0,527.0,0.0,280.0,121.0,68.0,212.0
ENCINITAS,2024,916.0,701.0,0.0,701.0,264.0,127.0,574.0
ENCINITAS,2025,315.0,275.0,0.0,187.0,228.0,33.0,154.0
ESCALON,2018,8.0,8.0,0.0,8.0,8.0,0.0,8.0
ESCALON,2019,14.0,14.0,0.0,10.0,7.0,1.0,9.0
ESCALON,2020,13.0,12.0,0.0,18.0,9.0,7.0,11.0
ESCALON,2021,54.0,6.0,0.0,6.0,3.0,2.0,4.0
ESCALON,2022,4.0,3.0,0.0,3.0,3.0,0.0,3.0
ESCALON,2023,35.0,0.0,0.0,2.0,0.0,0.0,2.0
ESCALON,2024,107.0,18.0,0.0,0.0,2.0,0.0,0.0
ESCALON,2025,8.0,8.0,0.0,4.0,3.0,3.0,1.0
ESCONDIDO,2018,52.0,52.0,0.0,240.0,279.0,20.0,220.0
ESCONDIDO,2019,673.0,538.0,131.0,37.0,352.0,27.0,10.0
ESCONDIDO,2020,885.0,689.0,0.0,263.0,126.0,37.0,226.0
ESCONDIDO,2021,363.0,319.0,0.0,433.0,210.0,107.0,326.0
ESCONDIDO,2022,651.0,622.0,0.0,231.0,263.0,77.0,154.0
ESCONDIDO,2023,151.0,151.0,0.0,608.0,182.0,87.0,521.0
ESCONDIDO,2024,176.0,176.0,0.0,408.0,246.0,105.0,303.0
ESCONDIDO,2025,466.0,415.0,0.0,514.0,604.0,246.0,268.0
ETNA,2018,1.0,1.0,0.0,1.0,0.0,1.0,0.0
ETNA,2019,0.0,0.0,0.0,0.0,1.0,0.0,0.0
ETNA,2021,1.0,1.0,0.0,0.0,0.0,0.0,0.0
ETNA,2022,1.0,1.0,0.0,2.0,0.0,1.0,1.0
EUREKA,2018,69.0,69.0,0.0,80.0,5.0,50.0,30.0
EUREKA,2019,88.0,46.0,0.0,9.0,15.0,5.0,4.0
EUREKA,2020,107.0,59.0,0.0,10.0,77.0,5.0,5.0
EUREKA,2021,120.0,70.0,0.0,31.0,17.0,25.0,6.0
EUREKA,2022,109.0,85.0,0.0,133.0,55.0,104.0,29.0
EUREKA,2023,47.0,28.0,0.0,101.0,70.0,79.0,22.0
EUREKA,2024,433.0,433.0,0.0,136.0,78.0,49.0,87.0
EUREKA,2025,183.0,35.0,0.0,169.0,30.0,105.0,64.0
EXETER,2018,8.0,0.0,7.0,0.0,0.0,0.0,0.0
EXETER,2019,0.0,0.0,0.0,14.0,0.0,6.0,8.0
EXETER,2020,63.0,63.0,0.0,10.0,0.0,6.0,4.0
EXETER,2021,36.0,36.0,0.0,4.0,1.0,0.0,4.0
EXETER,2022,4.0,1.0,0.0,3.0,0.0,0.0,3.0
EXETER,2023,44.0,44.0,0.0,9.0,9.0,0.0,9.0
EXETER,2024,11.0,11.0,0.0,11.0,1.0,2.0,9.0
EXETER,2025,27.0,27.0,0.0,27.0,27.0,0.0,27.0
FAIRFAX,2018,69.0,69.0,0.0,68.0,5.0,68.0,0.0
FAIRFAX,2019,10.0,10.0,0.0,9.0,8.0,8.0,1.0
FAIRFAX,2020,11.0,11.0,0.0,79.0,61.0,75.0,4.0
FAIRFAX,2021,24.0,7.0,0.0,24.0,14.0,23.0,1.0
FAIRFAX,2022,13.0,13.0,0.0,20.0,10.0,12.0,8.0
FAIRFAX,2023,7.0,0.0,0.0,7.0,2.0,7.0,0.0
FAIRFAX,2024,8.0,0.0,0.0,9.0,9.0,8.0,1.0
FAIRFAX,2025,243.0,243.0,0.0,15.0,6.0,14.0,1.0
FAIRFIELD,2018,295.0,295.0,0.0,312.0,241.0,0.0,312.0
FAIRFIELD,2019,903.0,87.0,0.0,354.0,351.0,2.0,352.0
FAIRFIELD,2020,980.0,626.0,0.0,861.0,110.0,191.0,670.0
FAIRFIELD,2021,3068.0,1855.0,0.0,445.0,398.0,85.0,360.0
FAIRFIELD,2022,820.0,776.0,0.0,366.0,618.0,57.0,309.0
FAIRFIELD,2023,458.0,458.0,0.0,532.0,621.0,189.0,343.0
FAIRFIELD,2024,528.0,179.0,0.0,302.0,281.0,12.0,290.0
FAIRFIELD,2025,719.0,629.0,0.0,247.0,191.0,10.0,237.0
FARMERSVILLE,2018,4.0,4.0,0.0,0.0,5.0,0.0,0.0
FARMERSVILLE,2020,0.0,0.0,0.0,2.0,2.0,2.0,0.0
FARMERSVILLE,2021,456.0,0.0,0.0,0.0,2.0,0.0,0.0
FARMERSVILLE,2022,0.0,0.0,0.0,113.0,0.0,113.0,0.0
FARMERSVILLE,2023,482.0,151.0,0.0,5.0,0.0,4.0,1.0
FARMERSVILLE,2024,417.0,223.0,0.0,7.0,2.0,2.0,5.0
FARMERSVILLE,2025,5.0,5.0,0.0,1.0,0.0,1.0,0.0
FERNDALE,2018,8.0,8.0,0.0,2.0,0.0,2.0,0.0
FERNDALE,2019,11.0,11.0,0.0,8.0,0.0,8.0,0.0
FERNDALE,2020,0.0,0.0,0.0,2.0,1.0,0.0,2.0
FERNDALE,2021,0.0,0.0,0.0,6.0,4.0,3.0,3.0
FERNDALE,2022,5.0,5.0,0.0,5.0,7.0,3.0,2.0
FERNDALE,2023,5.0,2.0,0.0,2.0,0.0,1.0,1.0
FERNDALE,2024,7.0,7.0,0.0,7.0,2.0,5.0,2.0
FERNDALE,2025,4.0,4.0,0.0,4.0,7.0,3.0,1.0
FILLMORE,2018,127.0,26.0,77.0,19.0,19.0,19.0,0.0
FILLMORE,2020,72.0,0.0,0.0,143.0,0.0,76.0,67.0
FILLMORE,2021,329.0,0.0,0.0,293.0,96.0,76.0,217.0
FILLMORE,2022,373.0,0.0,0.0,21.0,203.0,7.0,14.0
FILLMORE,2023,244.0,0.0,0.0,64.0,0.0,0.0,64.0
FILLMORE,2024,474.0,0.0,0.0,41.0,0.0,0.0,41.0
FILLMORE,2025,474.0,0.0,0.0,47.0,28.0,0.0,47.0
FIREBAUGH,2018,98.0,0.0,98.0,0.0,8.0,0.0,0.0
FIREBAUGH,2019,131.0,0.0,131.0,2.0,0.0,2.0,0.0
FIREBAUGH,2020,0.0,0.0,0.0,5.0,21.0,5.0,0.0
FIREBAUGH,2021,0.0,0.0,0.0,41.0,68.0,0.0,41.0
FIREBAUGH,2022,0.0,0.0,0.0,65.0,2.0,64.0,1.0
FIREBAUGH,2023,0.0,0.0,0.0,101.0,33.0,99.0,2.0
FIREBAUGH,2024,0.0,0.0,0.0,0.0,24.0,0.0,0.0
FIREBAUGH,2025,0.0,0.0,0.0,12.0,67.0,7.0,5.0
FOLSOM,2018,797.0,429.0,0.0,770.0,250.0,321.0,449.0
FOLSOM,2019,2473.0,1881.0,3.0,734.0,302.0,7.0,727.0
FOLSOM,2020,1407.0,321.0,0.0,594.0,924.0,85.0,509.0
FOLSOM,2021,1502.0,1104.0,0.0,1100.0,758.0,143.0,957.0
FOLSOM,2022,1464.0,808.0,0.0,1243.0,987.0,208.0,1035.0
FOLSOM,2023,229.0,221.0,0.0,1525.0,1011.0,747.0,778.0
FOLSOM,2024,395.0,239.0,0.0,910.0,591.0,233.0,677.0
FOLSOM,2025,2971.0,561.0,0.0,486.0,1308.0,75.0,411.0
FONTANA,2018,2163.0,1107.0,0.0,419.0,127.0,0.0,419.0
FONTANA,2019,1061.0,1061.0,0.0,839.0,12.0,0.0,839.0
FONTANA,2021,2067.0,209.0,0.0,1182.0,76.0,60.0,1122.0
FONTANA,2022,3961.0,2327.0,0.0,839.0,661.0,0.0,839.0
FONTANA,2023,2093.0,123.0,0.0,1356.0,196.0,0.0,1356.0
FONTANA,2024,2549.0,510.0,0.0,979.0,795.0,4.0,975.0
FONTANA,2025,3262.0,30.0,0.0,876.0,564.0,4.0,872.0
FORT BRAGG,2018,78.0,78.0,0.0,9.0,4.0,0.0,9.0
FORT BRAGG,2019,23.0,22.0,1.0,23.0,1.0,14.0,9.0
FORT BRAGG,2020,71.0,71.0,0.0,93.0,10.0,81.0,12.0
FORT BRAGG,2021,5.0,5.0,0.0,3.0,0.0,1.0,2.0
FORT BRAGG,2022,67.0,28.0,0.0,19.0,3.0,12.0,7.0
FORT BRAGG,2023,35.0,27.0,0.0,51.0,33.0,42.0,9.0
FORT BRAGG,2024,94.0,6.0,0.0,39.0,7.0,33.0,6.0
FORT BRAGG,2025,102.0,141.0,0.0,42.0,11.0,33.0,9.0
FORT JONES,2020,0.0,0.0,0.0,4.0,0.0,2.0,2.0
FORT JONES,2024,1.0,1.0,0.0,1.0,0.0,1.0,0.0
FORTUNA,2018,34.0,34.0,0.0,36.0,26.0,16.0,20.0
FORTUNA,2019,67.0,67.0,0.0,41.0,13.0,26.0,15.0
FORTUNA,2020,52.0,52.0,0.0,47.0,9.0,33.0,14.0
FORTUNA,2021,62.0,0.0,0.0,43.0,17.0,28.0,15.0
FORTUNA,2022,115.0,0.0,0.0,18.0,46.0,2.0,16.0
FORTUNA,2023,10.0,0.0,0.0,25.0,17.0,4.0,21.0
FORTUNA,2024,25.0,0.0,0.0,38.0,21.0,0.0,38.0
FORTUNA,2025,150.0,150.0,0.0,18.0,10.0,13.0,5.0
FOSTER CITY,2018,92.0,92.0,0.0,0.0,221.0,0.0,0.0
FOSTER CITY,2019,1.0,0.0,1.0,22.0,50.0,2.0,20.0
FOSTER CITY,2020,5.0,0.0,0.0,34.0,70.0,16.0,18.0
FOSTER CITY,2021,9.0,0.0,0.0,45.0,100.0,3.0,42.0
FOSTER CITY,2022,0.0,0.0,0.0,18.0,67.0,5.0,13.0
FOSTER CITY,2023,9.0,0.0,0.0,23.0,14.0,7.0,16.0
FOSTER CITY,2024,28.0,2.0,0.0,13.0,7.0,10.0,3.0
FOSTER CITY,2025,0.0,0.0,0.0,28.0,5.0,28.0,0.0
FOUNTAIN VALLEY,2018,185.0,155.0,0.0,17.0,22.0,13.0,4.0
FOUNTAIN VALLEY,2019,67.0,8.0,0.0,178.0,18.0,23.0,155.0
FOUNTAIN VALLEY,2020,89.0,89.0,0.0,52.0,35.0,38.0,14.0
FOUNTAIN VALLEY,2021,148.0,21.0,0.0,105.0,36.0,94.0,11.0
FOUNTAIN VALLEY,2022,166.0,85.0,0.0,119.0,94.0,56.0,63.0
FOUNTAIN VALLEY,2023,115.0,115.0,0.0,116.0,125.0,82.0,34.0
FOUNTAIN VALLEY,2024,116.0,116.0,0.0,122.0,79.0,91.0,31.0
FOUNTAIN VALLEY,2025,136.0,61.0,0.0,330.0,52.0,87.0,243.0
FOWLER,2018,114.0,34.0,0.0,34.0,37.0,0.0,34.0
FOWLER,2019,294.0,294.0,0.0,51.0,82.0,22.0,29.0
FOWLER,2020,55.0,55.0,0.0,55.0,55.0,46.0,9.0
FOWLER,2021,78.0,3.0,1.0,132.0,53.0,96.0,36.0
FOWLER,2022,28.0,4.0,0.0,178.0,119.0,132.0,46.0
FOWLER,2023,127.0,124.0,0.0,114.0,71.0,54.0,60.0
FOWLER,2024,109.0,1.0,0.0,112.0,70.0,23.0,89.0
FOWLER,2025,1417.0,4.0,0.0,101.0,0.0,0.0,101.0
FREMONT,2018,497.0,431.0,0.0,1863.0,405.0,121.0,1742.0
FREMONT,2019,952.0,552.0,0.0,1087.0,896.0,132.0,955.0
FREMONT,2020,188.0,21.0,2.0,311.0,768.0,60.0,251.0
FREMONT,2021,464.0,397.0,8.0,861.0,1635.0,161.0,700.0
FREMONT,2022,1074.0,372.0,0.0,1133.0,1398.0,298.0,835.0
FREMONT,2023,831.0,81.0,0.0,658.0,272.0,479.0,179.0
FREMONT,2024,1349.0,62.0,0.0,194.0,573.0,120.0,74.0
FREMONT,2025,829.0,185.0,0.0,549.0,793.0,164.0,385.0
FRESNO,2018,1946.0,1946.0,0.0,1337.0,1073.0,135.0,1202.0
FRESNO,2019,3281.0,3270.0,11.0,2016.0,1377.0,46.0,1970.0
FRESNO,2020,2645.0,2645.0,0.0,2252.0,1224.0,246.0,2006.0
FRESNO,2021,3109.0,3109.0,0.0,2262.0,1714.0,119.0,2143.0
FRESNO,2022,4340.0,4296.0,0.0,1443.0,1660.0,137.0,1306.0
FRESNO,2023,3882.0,2013.0,0.0,1901.0,1793.0,445.0,1456.0
FRESNO,2024,3371.0,3371.0,0.0,1521.0,1615.0,485.0,1036.0
FRESNO,2025,3231.0,1595.0,0.0,2014.0,2058.0,295.0,1719.0
FRESNO COUNTY,2018,66.0,66.0,0.0,55.0,13.0,55.0,0.0
FRESNO COUNTY,2019,136.0,136.0,0.0,136.0,10.0,80.0,56.0
FRESNO COUNTY,2020,120.0,120.0,0.0,119.0,30.0,75.0,44.0
FRESNO COUNTY,2021,211.0,211.0,0.0,211.0,33.0,157.0,54.0
FRESNO COUNTY,2022,240.0,240.0,0.0,240.0,86.0,133.0,107.0
FRESNO COUNTY,2023,125.0,125.0,0.0,125.0,4.0,82.0,43.0
FRESNO COUNTY,2024,454.0,323.0,10.0,114.0,16.0,29.0,85.0
FRESNO COUNTY,2025,279.0,113.0,1.0,184.0,158.0,91.0,93.0
FULLERTON,2018,39.0,39.0,0.0,86.0,118.0,45.0,41.0
FULLERTON,2019,67.0,67.0,0.0,342.0,229.0,19.0,323.0
FULLERTON,2020,3.0,0.0,0.0,393.0,27.0,19.0,374.0
FULLERTON,2021,1748.0,1171.0,0.0,1247.0,537.0,476.0,771.0
FULLERTON,2022,1748.0,1171.0,0.0,1247.0,538.0,476.0,771.0
FULLERTON,2023,1748.0,1171.0,0.0,1013.0,120.0,164.0,849.0
FULLERTON,2024,1748.0,1171.0,0.0,1254.0,629.0,467.0,787.0
FULLERTON,2025,1748.0,1171.0,0.0,1863.0,1045.0,668.0,1195.0
GALT,2018,224.0,0.0,0.0,38.0,38.0,14.0,24.0
GALT,2019,8.0,0.0,8.0,58.0,43.0,1.0,57.0
GALT,2020,70.0,70.0,0.0,35.0,0.0,13.0,22.0
GALT,2021,0.0,0.0,0.0,119.0,54.0,0.0,119.0
GALT,2022,370.0,370.0,0.0,96.0,131.0,2.0,94.0
GALT,2023,0.0,0.0,0.0,185.0,118.0,0.0,185.0
GALT,2024,35.0,0.0,0.0,170.0,174.0,5.0,165.0
GALT,2025,396.0,0.0,0.0,295.0,146.0,6.0,289.0
GARDEN GROVE,2018,0.0,0.0,0.0,273.0,0.0,0.0,273.0
GARDEN GROVE,2019,672.0,672.0,0.0,125.0,51.0,0.0,125.0
GARDEN GROVE,2020,292.0,292.0,0.0,430.0,249.0,0.0,430.0
GARDEN GROVE,2021,145.0,145.0,0.0,472.0,229.0,0.0,472.0
GARDEN GROVE,2022,434.0,434.0,0.0,387.0,78.0,0.0,387.0
GARDEN GROVE,2023,339.0,339.0,0.0,428.0,784.0,0.0,428.0
GARDEN GROVE,2024,1053.0,390.0,0.0,639.0,292.0,118.0,521.0
GARDEN GROVE,2025,539.0,407.0,0.0,637.0,429.0,44.0,593.0
GARDENA,2018,1.0,1.0,0.0,124.0,22.0,0.0,124.0
GARDENA,2019,198.0,198.0,0.0,40.0,66.0,0.0,40.0
GARDENA,2020,413.0,0.0,0.0,127.0,5.0,0.0,127.0
GARDENA,2021,151.0,30.0,0.0,313.0,51.0,1.0,312.0
GARDENA,2022,22.0,22.0,0.0,238.0,42.0,0.0,238.0
GARDENA,2023,345.0,0.0,0.0,382.0,22.0,2.0,380.0
GARDENA,2024,88.0,41.0,0.0,189.0,45.0,7.0,182.0
GARDENA,2025,816.0,56.0,0.0,54.0,111.0,0.0,54.0
GILROY,2018,742.0,498.0,0.0,221.0,279.0,109.0,112.0
GILROY,2019,345.0,0.0,128.0,196.0,99.0,43.0,153.0
GILROY,2020,494.0,181.0,0.0,270.0,111.0,198.0,72.0
GILROY,2021,130.0,84.0,0.0,275.0,0.0,147.0,128.0
GILROY,2022,162.0,162.0,0.0,238.0,126.0,114.0,124.0
GILROY,2023,68.0,66.0,0.0,219.0,0.0,45.0,174.0
GILROY,2024,98.0,97.0,0.0,177.0,342.0,34.0,143.0
GILROY,2025,636.0,532.0,0.0,37.0,84.0,27.0,10.0
GLENDALE,2018,0.0,0.0,0.0,205.0,0.0,79.0,126.0
GLENDALE,2019,202.0,49.0,0.0,688.0,346.0,86.0,602.0
GLENDALE,2020,386.0,203.0,0.0,745.0,318.0,30.0,715.0
GLENDALE,2021,900.0,600.0,0.0,803.0,318.0,20.0,783.0
GLENDALE,2022,1832.0,287.0,0.0,1968.0,542.0,535.0,1433.0
GLENDALE,2023,591.0,591.0,0.0,1745.0,426.0,521.0,1224.0
GLENDALE,2024,421.0,420.0,0.0,1731.0,501.0,664.0,1067.0
GLENDALE,2025,653.0,653.0,0.0,1573.0,361.0,453.0,1120.0
GLENDORA,2018,33.0,33.0,0.0,51.0,58.0,0.0,51.0
GLENDORA,2019,51.0,51.0,0.0,42.0,6.0,0.0,42.0
GLENDORA,2020,43.0,43.0,0.0,27.0,46.0,0.0,27.0
GLENDORA,2021,85.0,85.0,0.0,33.0,24.0,4.0,29.0
GLENDORA,2022,93.0,93.0,0.0,80.0,11.0,9.0,71.0
GLENDORA,2023,134.0,133.0,1.0,51.0,83.0,1.0,50.0
GLENDORA,2024,67.0,0.0,0.0,52.0,7.0,0.0,52.0
GLENDORA,2025,4.0,4.0,0.0,93.0,0.0,5.0,88.0
GLENN COUNTY,2018,15.0,15.0,0.0,17.0,0.0,10.0,7.0
GLENN COUNTY,2019,32.0,32.0,0.0,33.0,12.0,20.0,13.0
GLENN COUNTY,2020,0.0,0.0,0.0,15.0,21.0,9.0,6.0
GLENN COUNTY,2021,0.0,0.0,0.0,9.0,26.0,5.0,4.0
GLENN COUNTY,2022,0.0,0.0,0.0,19.0,18.0,8.0,11.0
GLENN COUNTY,2023,0.0,0.0,0.0,24.0,13.0,10.0,14.0
GLENN COUNTY,2024,0.0,0.0,0.0,19.0,9.0,8.0,11.0
GOLETA,2018,759.0,210.0,34.0,117.0,240.0,2.0,115.0
GOLETA,2019,29.0,9.0,0.0,285.0,114.0,11.0,274.0
GOLETA,2020,35.0,16.0,0.0,18.0,207.0,13.0,5.0
GOLETA,2021,25.0,8.0,2.0,18.0,40.0,16.0,2.0
GOLETA,2022,87.0,72.0,0.0,85.0,204.0,79.0,6.0
GOLETA,2023,49.0,15.0,0.0,22.0,17.0,19.0,3.0
GOLETA,2024,45.0,45.0,0.0,57.0,92.0,50.0,7.0
GOLETA,2025,31.0,23.0,0.0,363.0,29.0,126.0,237.0
GONZALES,2021,5.0,5.0,0.0,5.0,4.0,0.0,5.0
GONZALES,2022,15.0,15.0,0.0,15.0,5.0,0.0,15.0
GONZALES,2023,24.0,19.0,0.0,17.0,7.0,0.0,17.0
GONZALES,2024,29.0,24.0,0.0,17.0,10.0,0.0,17.0
GONZALES,2025,43.0,24.0,0.0,38.0,23.0,0.0,38.0
GRAND TERRACE,2018,20.0,20.0,0.0,19.0,20.0,2.0,17.0
GRAND TERRACE,2019,2.0,2.0,0.0,24.0,17.0,1.0,23.0
GRAND TERRACE,2020,2.0,2.0,0.0,24.0,24.0,1.0,23.0
GRAND TERRACE,2021,5.0,5.0,0.0,3.0,2.0,0.0,3.0
GRAND TERRACE,2022,11.0,11.0,0.0,2.0,2.0,0.0,2.0
GRAND TERRACE,2023,7.0,7.0,0.0,1.0,1.0,0.0,1.0
GRAND TERRACE,2024,7.0,7.0,0.0,6.0,1.0,0.0,6.0
GRASS VALLEY,2018,31.0,31.0,0.0,40.0,32.0,4.0,36.0
GRASS VALLEY,2019,427.0,307.0,0.0,61.0,7.0,36.0,25.0
GRASS VALLEY,2020,135.0,123.0,0.0,119.0,29.0,72.0,47.0
GRASS VALLEY,2021,205.0,205.0,0.0,165.0,73.0,104.0,61.0
GRASS VALLEY,2022,4.0,4.0,0.0,17.0,14.0,17.0,0.0
GRASS VALLEY,2023,14.0,7.0,0.0,5.0,32.0,1.0,4.0
GRASS VALLEY,2024,18.0,11.0,0.0,16.0,6.0,4.0,12.0
GRASS VALLEY,2025,58.0,0.0,0.0,84.0,49.0,30.0,54.0
GREENFIELD,2018,2.0,2.0,0.0,2.0,0.0,0.0,2.0
GREENFIELD,2019,5.0,5.0,0.0,5.0,0.0,0.0,5.0
GREENFIELD,2020,0.0,0.0,0.0,89.0,0.0,37.0,52.0
GREENFIELD,2021,218.0,0.0,0.0,218.0,0.0,165.0,53.0
GREENFIELD,2022,162.0,0.0,0.0,0.0,0.0,0.0,0.0
GREENFIELD,2023,131.0,131.0,0.0,128.0,0.0,128.0,0.0
GREENFIELD,2024,48.0,11.0,0.0,24.0,84.0,23.0,1.0
GREENFIELD,2025,78.0,37.0,0.0,51.0,129.0,38.0,13.0
GRIDLEY,2018,14.0,14.0,0.0,0.0,0.0,0.0,0.0
GRIDLEY,2019,118.0,118.0,0.0,33.0,7.0,1.0,32.0
GRIDLEY,2020,86.0,85.0,0.0,0.0,0.0,0.0,0.0
GRIDLEY,2021,15.0,15.0,0.0,15.0,15.0,0.0,15.0
GRIDLEY,2022,499.0,415.0,0.0,88.0,88.0,73.0,15.0
GROVER BEACH,2018,64.0,64.0,0.0,29.0,7.0,4.0,25.0
GROVER BEACH,2019,32.0,32.0,0.0,89.0,31.0,27.0,62.0
GROVER BEACH,2020,44.0,44.0,0.0,101.0,39.0,38.0,63.0
GROVER BEACH,2021,113.0,113.0,0.0,121.0,39.0,50.0,71.0
GROVER BEACH,2022,113.0,113.0,0.0,141.0,39.0,63.0,78.0
GROVER BEACH,2023,138.0,124.0,0.0,169.0,66.0,74.0,95.0
GROVER BEACH,2024,118.0,44.0,0.0,377.0,89.0,159.0,218.0
GROVER BEACH,2025,140.0,2.0,0.0,406.0,202.0,144.0,262.0
GUADALUPE,2018,38.0,38.0,0.0,134.0,34.0,37.0,97.0
GUADALUPE,2019,159.0,0.0,159.0,72.0,0.0,72.0,0.0
GUADALUPE,2020,0.0,0.0,0.0,73.0,18.0,6.0,67.0
GUADALUPE,2021,10.0,10.0,0.0,69.0,0.0,0.0,69.0
GUADALUPE,2022,55.0,0.0,0.0,129.0,34.0,102.0,27.0
GUADALUPE,2023,1.0,0.0,0.0,75.0,30.0,75.0,0.0
GUADALUPE,2024,0.0,0.0,0.0,46.0,7.0,0.0,46.0
GUADALUPE,2025,7.0,0.0,0.0,7.0,18.0,0.0,7.0
GUSTINE,2019,5.0,5.0,0.0,5.0,0.0,0.0,5.0
GUSTINE,2020,9.0,9.0,0.0,9.0,0.0,3.0,6.0
GUSTINE,2021,17.0,17.0,0.0,17.0,6.0,9.0,8.0
GUSTINE,2022,264.0,157.0,0.0,0.0,0.0,0.0,0.0
GUSTINE,2023,0.0,0.0,0.0,2.0,0.0,0.0,2.0
GUSTINE,2024,0.0,0.0,0.0,1.0,1.0,1.0,0.0
GUSTINE,2025,0.0,0.0,0.0,4.0,0.0,4.0,0.0
HALF MOON BAY,2018,32.0,12.0,0.0,13.0,35.0,3.0,10.0
HALF MOON BAY,2019,33.0,11.0,0.0,19.0,19.0,12.0,7.0
HALF MOON BAY,2020,41.0,27.0,0.0,25.0,12.0,10.0,15.0
HALF MOON BAY,2021,25.0,18.0,0.0,30.0,15.0,27.0,3.0
HALF MOON BAY,2022,76.0,17.0,0.0,64.0,14.0,44.0,20.0
HALF MOON BAY,2023,161.0,15.0,0.0,33.0,19.0,24.0,9.0
HALF MOON BAY,2024,23.0,5.0,2.0,112.0,26.0,106.0,6.0
HALF MOON BAY,2025,12.0,6.0,0.0,25.0,83.0,12.0,13.0
HANFORD,2018,262.0,262.0,0.0,202.0,95.0,0.0,202.0
HANFORD,2019,832.0,832.0,0.0,528.0,284.0,41.0,487.0
HANFORD,2020,94.0,94.0,0.0,164.0,140.0,129.0,35.0
HANFORD,2021,477.0,477.0,0.0,333.0,109.0,240.0,93.0
HANFORD,2022,582.0,253.0,0.0,449.0,357.0,385.0,64.0
HANFORD,2023,295.0,288.0,0.0,150.0,160.0,19.0,131.0
HANFORD,2024,516.0,508.0,0.0,215.0,408.0,46.0,169.0
HANFORD,2025,262.0,0.0,0.0,391.0,396.0,122.0,269.0
HAWAIIAN GARDENS,2018,18.0,18.0,0.0,1.0,0.0,0.0,1.0
HAWAIIAN GARDENS,2019,14.0,14.0,0.0,3.0,0.0,0.0,3.0
HAWAIIAN GARDENS,2021,37.0,24.0,13.0,35.0,9.0,0.0,35.0
HAWAIIAN GARDENS,2022,11.0,0.0,0.0,1.0,2.0,0.0,1.0
HAWAIIAN GARDENS,2023,9.0,10.0,0.0,14.0,13.0,0.0,14.0
HAWAIIAN GARDENS,2024,30.0,16.0,0.0,5.0,3.0,0.0,5.0
HAWAIIAN GARDENS,2025,23.0,22.0,0.0,27.0,18.0,0.0,27.0
HAWTHORNE,2018,269.0,295.0,-26.0,294.0,0.0,12.0,282.0
HAWTHORNE,2019,41.0,41.0,0.0,13.0,0.0,13.0,0.0
HAWTHORNE,2020,64.0,64.0,0.0,27.0,7.0,0.0,27.0
HAWTHORNE,2021,25.0,0.0,0.0,28.0,0.0,1.0,27.0
HAWTHORNE,2022,32.0,29.0,0.0,26.0,0.0,0.0,26.0
HAWTHORNE,2023,139.0,139.0,0.0,0.0,21.0,0.0,0.0
HAWTHORNE,2024,299.0,299.0,0.0,66.0,32.0,0.0,66.0
HAWTHORNE,2025,136.0,136.0,0.0,104.0,60.0,0.0,104.0
HAYWARD,2018,440.0,51.0,0.0,145.0,197.0,0.0,145.0
HAYWARD,2019,1199.0,1199.0,0.0,1076.0,185.0,47.0,1029.0
HAYWARD,2020,402.0,0.0,0.0,453.0,381.0,184.0,269.0
HAYWARD,2021,690.0,690.0,0.0,833.0,346.0,186.0,647.0
HAYWARD,2022,1150.0,1150.0,0.0,897.0,659.0,169.0,728.0
HAYWARD,2023,432.0,328.0,0.0,502.0,525.0,360.0,142.0
HAYWARD,2024,441.0,256.0,0.0,302.0,511.0,177.0,125.0
HAYWARD,2025,459.0,56.0,0.0,75.0,130.0,51.0,24.0
HEALDSBURG,2018,52.0,52.0,0.0,52.0,1.0,11.0,41.0
HEALDSBURG,2019,71.0,71.0,0.0,31.0,0.0,19.0,12.0
HEALDSBURG,2020,312.0,312.0,0.0,61.0,5.0,34.0,27.0
HEALDSBURG,2021,0.0,0.0,0.0,1.0,0.0,1.0,0.0
HEALDSBURG,2022,0.0,0.0,0.0,68.0,32.0,44.0,24.0
HEALDSBURG,2023,83.0,83.0,0.0,341.0,89.0,100.0,241.0
HEALDSBURG,2024,0.0,0.0,0.0,390.0,279.0,99.0,291.0
HEALDSBURG,2025,65.0,1.0,0.0,217.0,17.0,188.0,29.0
HEMET,2018,204.0,204.0,0.0,63.0,24.0,62.0,1.0
HEMET,2019,296.0,296.0,0.0,126.0,89.0,122.0,4.0
HEMET,2020,4560.0,3663.0,0.0,215.0,165.0,137.0,78.0
HEMET,2021,5497.0,5315.0,0.0,627.0,416.0,175.0,452.0
HEMET,2022,3312.0,2893.0,0.0,657.0,565.0,49.0,608.0
HEMET,2023,5825.0,3479.0,0.0,1189.0,892.0,67.0,1122.0
HEMET,2024,5071.0,3479.0,0.0,1442.0,1251.0,82.0,1360.0
HEMET,2025,5071.0,3479.0,0.0,1547.0,1463.0,91.0,1456.0
HERCULES,2018,232.0,15.0,0.0,227.0,72.0,0.0,227.0
HERCULES,2019,1073.0,476.0,0.0,249.0,17.0,232.0,17.0
HERCULES,2020,0.0,0.0,0.0,4.0,172.0,0.0,4.0
HERCULES,2021,0.0,0.0,0.0,4.0,235.0,0.0,4.0
HERCULES,2022,3.0,0.0,0.0,3.0,3.0,0.0,3.0
HERCULES,2023,3.0,0.0,0.0,3.0,0.0,0.0,3.0
HERCULES,2024,172.0,1.0,0.0,16.0,0.0,1.0,15.0
HERCULES,2025,365.0,7.0,0.0,4.0,41.0,3.0,1.0
HERMOSA BEACH,2018,36.0,34.0,2.0,11.0,11.0,1.0,10.0
HERMOSA BEACH,2019,32.0,32.0,0.0,31.0,25.0,2.0,29.0
HERMOSA BEACH,2020,37.0,0.0,0.0,14.0,28.0,14.0,0.0
HERMOSA BEACH,2021,60.0,0.0,0.0,44.0,23.0,44.0,0.0
HERMOSA BEACH,2022,18.0,5.0,0.0,41.0,26.0,0.0,41.0
HERMOSA BEACH,2023,5.0,0.0,0.0,23.0,22.0,0.0,23.0
HERMOSA BEACH,2024,47.0,2.0,0.0,19.0,45.0,0.0,19.0
HERMOSA BEACH,2025,104.0,106.0,1.0,22.0,19.0,0.0,22.0
HESPERIA,2018,115.0,123.0,0.0,448.0,0.0,229.0,219.0
HESPERIA,2019,193.0,7.0,0.0,358.0,0.0,178.0,180.0
HESPERIA,2020,115.0,36.0,0.0,298.0,0.0,162.0,136.0
HESPERIA,2021,312.0,97.0,0.0,356.0,0.0,121.0,235.0
HESPERIA,2022,379.0,379.0,0.0,255.0,0.0,12.0,243.0
HESPERIA,2023,712.0,620.0,0.0,408.0,267.0,28.0,380.0
HESPERIA,2024,469.0,341.0,0.0,492.0,291.0,18.0,474.0
HESPERIA,2025,403.0,385.0,0.0,564.0,483.0,32.0,532.0
HIDDEN HILLS,2018,0.0,0.0,0.0,0.0,1.0,0.0,0.0
HIDDEN HILLS,2019,0.0,0.0,0.0,10.0,6.0,0.0,10.0
HIDDEN HILLS,2020,0.0,0.0,0.0,3.0,11.0,0.0,3.0
HIDDEN HILLS,2021,11.0,1.0,0.0,7.0,0.0,0.0,7.0
HIDDEN HILLS,2022,20.0,10.0,0.0,21.0,2.0,5.0,16.0
HIDDEN HILLS,2023,16.0,0.0,0.0,22.0,12.0,7.0,15.0
HIDDEN HILLS,2024,8.0,8.0,0.0,13.0,13.0,4.0,9.0
HIDDEN HILLS,2025,0.0,0.0,0.0,9.0,13.0,0.0,9.0
HIGHLAND,2018,55.0,0.0,55.0,17.0,19.0,0.0,17.0
HIGHLAND,2019,12.0,8.0,0.0,22.0,14.0,4.0,18.0
HIGHLAND,2020,212.0,212.0,0.0,9.0,13.0,9.0,0.0
HIGHLAND,2021,271.0,265.0,0.0,250.0,8.0,233.0,17.0
HIGHLAND,2022,666.0,666.0,0.0,71.0,90.0,25.0,46.0
HIGHLAND,2023,587.0,586.0,0.0,310.0,80.0,236.0,74.0
HIGHLAND,2024,854.0,225.0,0.0,74.0,301.0,24.0,50.0
HIGHLAND,2025,253.0,32.0,0.0,354.0,71.0,352.0,2.0
HILLSBOROUGH,2018,0.0,0.0,0.0,16.0,0.0,13.0,3.0
HILLSBOROUGH,2020,62.0,28.0,0.0,25.0,4.0,22.0,3.0
HILLSBOROUGH,2021,90.0,53.0,0.0,64.0,17.0,55.0,9.0
HILLSBOROUGH,2022,0.0,0.0,0.0,85.0,1.0,72.0,13.0
HILLSBOROUGH,2023,66.0,40.0,0.0,51.0,7.0,35.0,16.0
HILLSBOROUGH,2024,65.0,59.0,0.0,52.0,48.0,39.0,13.0
HOLLISTER,2018,1795.0,1795.0,0.0,311.0,311.0,15.0,296.0
HOLLISTER,2019,42.0,42.0,0.0,413.0,403.0,130.0,283.0
HOLLISTER,2020,124.0,58.0,0.0,298.0,212.0,0.0,298.0
HOLLISTER,2021,632.0,294.0,53.0,392.0,388.0,0.0,392.0
HOLLISTER,2022,100.0,97.0,3.0,235.0,254.0,0.0,235.0
HOLLISTER,2023,711.0,478.0,22.0,227.0,157.0,11.0,216.0
HOLLISTER,2024,163.0,163.0,0.0,122.0,233.0,21.0,101.0
HOLLISTER,2025,102.0,38.0,6.0,166.0,162.0,1.0,165.0
HOLTVILLE,2019,32.0,0.0,0.0,46.0,0.0,46.0,0.0
HOLTVILLE,2020,45.0,1.0,0.0,1.0,0.0,1.0,0.0
HOLTVILLE,2021,8.0,5.0,0.0,6.0,0.0,6.0,0.0
HOLTVILLE,2022,6.0,0.0,0.0,1.0,0.0,1.0,0.0
HOLTVILLE,2023,2.0,2.0,0.0,35.0,0.0,33.0,2.0
HOLTVILLE,2024,51.0,51.0,0.0,95.0,0.0,93.0,2.0
HOLTVILLE,2025,2.0,2.0,2.0,2.0,0.0,0.0,2.0
HUGHSON,2018,40.0,20.0,0.0,8.0,8.0,0.0,8.0
HUGHSON,2019,299.0,0.0,0.0,20.0,11.0,0.0,20.0
HUGHSON,2021,0.0,0.0,0.0,25.0,25.0,0.0,25.0
HUGHSON,2022,0.0,0.0,0.0,54.0,53.0,0.0,54.0
HUGHSON,2023,0.0,0.0,0.0,30.0,30.0,22.0,8.0
HUGHSON,2024,64.0,64.0,0.0,50.0,50.0,42.0,8.0
HUGHSON,2025,80.0,0.0,0.0,0.0,0.0,0.0,0.0
HUMBOLDT COUNTY,2018,276.0,97.0,179.0,78.0,39.0,37.0,41.0
HUMBOLDT COUNTY,2019,409.0,165.0,0.0,240.0,46.0,186.0,54.0
HUMBOLDT COUNTY,2020,43.0,17.0,0.0,109.0,47.0,34.0,75.0
HUMBOLDT COUNTY,2021,211.0,77.0,2.0,147.0,8.0,107.0,40.0
HUMBOLDT COUNTY,2022,135.0,1.0,0.0,108.0,16.0,25.0,83.0
HUMBOLDT COUNTY,2023,105.0,52.0,0.0,116.0,18.0,49.0,67.0
HUMBOLDT COUNTY,2024,194.0,65.0,0.0,83.0,81.0,35.0,48.0
HUMBOLDT COUNTY,2025,129.0,0.0,0.0,74.0,65.0,33.0,41.0
HUNTINGTON BEACH,2019,14.0,4.0,0.0,158.0,0.0,23.0,135.0
HUNTINGTON BEACH,2020,51.0,52.0,0.0,82.0,0.0,29.0,53.0
HUNTINGTON BEACH,2021,715.0,367.0,0.0,159.0,0.0,66.0,93.0
HUNTINGTON BEACH,2022,142.0,12.0,0.0,283.0,0.0,198.0,85.0
HUNTINGTON BEACH,2023,15.0,15.0,0.0,554.0,0.0,155.0,399.0
HUNTINGTON BEACH,2024,59.0,29.0,1.0,194.0,0.0,135.0,59.0
HUNTINGTON BEACH,2025,19.0,3.0,0.0,147.0,0.0,42.0,105.0
HUNTINGTON PARK,2018,29.0,29.0,0.0,6.0,2.0,6.0,0.0
HUNTINGTON PARK,2019,13.0,13.0,0.0,10.0,0.0,10.0,0.0
HUNTINGTON PARK,2020,45.0,45.0,0.0,24.0,4.0,24.0,0.0
HUNTINGTON PARK,2021,44.0,44.0,0.0,4.0,0.0,4.0,0.0
HUNTINGTON PARK,2022,53.0,44.0,0.0,14.0,0.0,14.0,0.0
HUNTINGTON PARK,2023,67.0,67.0,0.0,9.0,0.0,9.0,0.0
HUNTINGTON PARK,2024,61.0,49.0,2.0,23.0,0.0,23.0,0.0
HUNTINGTON PARK,2025,148.0,133.0,0.0,35.0,0.0,35.0,0.0
HURON,2018,403.0,403.0,0.0,4.0,0.0,4.0,0.0
HURON,2022,133.0,133.0,0.0,133.0,133.0,0.0,133.0
HURON,2023,2.0,2.0,0.0,2.0,0.0,0.0,2.0
HURON,2024,74.0,74.0,0.0,74.0,72.0,0.0,74.0
HURON,2025,1.0,1.0,0.0,1.0,0.0,0.0,1.0
IMPERIAL,2018,163.0,163.0,0.0,116.0,116.0,90.0,26.0
IMPERIAL,2019,0.0,0.0,0.0,0.0,0.0,0.0,0.0
IMPERIAL,2020,0.0,0.0,0.0,345.0,176.0,40.0,305.0
IMPERIAL,2021,0.0,0.0,0.0,345.0,176.0,40.0,305.0
IMPERIAL,2022,0.0,0.0,0.0,256.0,79.0,52.0,204.0
IMPERIAL,2023,0.0,0.0,0.0,559.0,295.0,340.0,219.0
IMPERIAL BEACH,2018,92.0,92.0,0.0,65.0,34.0,0.0,65.0
IMPERIAL BEACH,2019,0.0,0.0,0.0,28.0,67.0,0.0,28.0
IMPERIAL BEACH,2020,35.0,35.0,0.0,35.0,8.0,0.0,35.0
IMPERIAL BEACH,2021,70.0,37.0,0.0,41.0,9.0,0.0,41.0
IMPERIAL BEACH,2022,217.0,130.0,0.0,43.0,25.0,0.0,43.0
IMPERIAL BEACH,2023,156.0,48.0,0.0,29.0,31.0,0.0,29.0
IMPERIAL BEACH,2024,95.0,38.0,0.0,29.0,29.0,0.0,29.0
IMPERIAL BEACH,2025,172.0,45.0,0.0,71.0,13.0,0.0,71.0
IMPERIAL COUNTY,2018,8.0,1.0,7.0,0.0,0.0,0.0,0.0
IMPERIAL COUNTY,2019,17.0,64.0,0.0,13.0,1.0,0.0,13.0
IMPERIAL COUNTY,2020,48.0,0.0,0.0,42.0,14.0,15.0,27.0
IMPERIAL COUNTY,2021,38.0,0.0,0.0,34.0,4.0,20.0,14.0
IMPERIAL COUNTY,2022,47.0,0.0,0.0,47.0,7.0,30.0,17.0
IMPERIAL COUNTY,2023,44.0,0.0,0.0,44.0,5.0,38.0,6.0
IMPERIAL COUNTY,2024,55.0,0.0,0.0,55.0,23.0,46.0,9.0
IMPERIAL COUNTY,2025,51.0,27.0,0.0,121.0,81.0,76.0,45.0
INDIAN WELLS,2018,118.0,118.0,0.0,46.0,32.0,0.0,46.0
INDIAN WELLS,2019,0.0,0.0,0.0,71.0,0.0,0.0,71.0
INDIAN WELLS,2020,16.0,0.0,0.0,0.0,49.0,0.0,0.0
INDIAN WELLS,2021,60.0,0.0,0.0,87.0,35.0,5.0,82.0
INDIAN WELLS,2022,148.0,0.0,0.0,120.0,44.0,2.0,118.0
INDIAN WELLS,2023,58.0,0.0,0.0,47.0,91.0,3.0,44.0
INDIAN WELLS,2024,25.0,0.0,0.0,19.0,58.0,7.0,12.0
INDIAN WELLS,2025,14.0,0.0,0.0,13.0,11.0,5.0,8.0
INDIO,2018,84.0,84.0,0.0,31.0,31.0,0.0,31.0
INDIO,2019,186.0,0.0,186.0,265.0,234.0,0.0,265.0
INDIO,2020,0.0,0.0,0.0,509.0,138.0,102.0,407.0
INDIO,2021,1996.0,0.0,0.0,752.0,407.0,184.0,568.0
INDIO,2022,1853.0,0.0,0.0,857.0,258.0,214.0,643.0
INDIO,2023,2.0,2.0,0.0,100.0,147.0,0.0,100.0
INDIO,2024,0.0,0.0,0.0,54.0,54.0,0.0,54.0
INDIO,2025,269.0,239.0,0.0,707.0,0.0,326.0,381.0
INGLEWOOD,2018,0.0,0.0,0.0,0.0,0.0,0.0,0.0
INGLEWOOD,2020,406.0,264.0,0.0,81.0,0.0,41.0,40.0
INGLEWOOD,2021,134.0,90.0,0.0,377.0,293.0,48.0,329.0
INGLEWOOD,2022,600.0,507.0,0.0,1055.0,250.0,148.0,907.0
INGLEWOOD,2023,546.0,546.0,0.0,35.0,2.0,0.0,35.0
INGLEWOOD,2024,356.0,192.0,0.0,18.0,0.0,0.0,18.0
INYO COUNTY,2019,20.0,20.0,0.0,31.0,16.0,0.0,31.0
INYO COUNTY,2020,16.0,16.0,0.0,16.0,2.0,0.0,16.0
INYO COUNTY,2021,13.0,3.0,0.0,0.0,0.0,0.0,0.0
INYO COUNTY,2022,19.0,0.0,0.0,19.0,3.0,0.0,19.0
INYO COUNTY,2023,27.0,51.0,0.0,20.0,7.0,0.0,20.0
INYO COUNTY,2024,16.0,16.0,0.0,16.0,20.0,0.0,16.0
INYO COUNTY,2025,23.0,17.0,0.0,14.0,9.0,9.0,5.0
IONE,2018,0.0,0.0,0.0,106.0,89.0,65.0,41.0
IONE,2019,0.0,0.0,0.0,38.0,38.0,38.0,0.0
IONE,2020,0.0,0.0,0.0,62.0,62.0,21.0,41.0
IONE,2021,0.0,0.0,0.0,41.0,84.0,0.0,41.0
IONE,2022,0.0,0.0,0.0,35.0,22.0,0.0,35.0
IONE,2023,0.0,0.0,0.0,64.0,31.0,0.0,64.0
IONE,2024,0.0,0.0,0.0,50.0,46.0,0.0,50.0
IONE,2025,993.0,0.0,0.0,14.0,4.0,0.0,14.0
IRVINE,2018,2465.0,2465.0,0.0,3456.0,2931.0,0.0,3456.0
IRVINE,2019,701.0,701.0,0.0,3004.0,3504.0,279.0,2725.0
IRVINE,2020,692.0,692.0,0.0,1985.0,2205.0,22.0,1963.0
IRVINE,2021,81.0,0.0,0.0,2366.0,2231.0,85.0,2281.0
IRVINE,2022,7499.0,0.0,0.0,1505.0,1797.0,163.0,1342.0
IRVINE,2023,1369.0,686.0,0.0,2240.0,1368.0,215.0,2025.0
IRVINE,2024,4528.0,1332.0,0.0,1456.0,1026.0,58.0,1398.0
IRVINE,2025,8924.0,3378.0,0.0,1409.0,1058.0,79.0,1330.0
IRWINDALE,2018,0.0,0.0,0.0,0.0,6.0,0.0,0.0
IRWINDALE,2019,0.0,0.0,0.0,4.0,8.0,4.0,0.0
IRWINDALE,2020,0.0,0.0,0.0,7.0,3.0,7.0,0.0
IRWINDALE,2022,0.0,0.0,0.0,1.0,0.0,0.0,1.0
ISLETON,2018,0.0,0.0,0.0,0.0,10.0,0.0,0.0
ISLETON,2025,3.0,3.0,0.0,3.0,0.0,0.0,3.0
JACKSON,2018,0.0,0.0,0.0,18.0,17.0,0.0,18.0
JACKSON,2019,0.0,0.0,0.0,23.0,12.0,0.0,23.0
JACKSON,2020,0.0,0.0,0.0,26.0,10.0,0.0,26.0
JACKSON,2021,0.0,0.0,0.0,28.0,0.0,0.0,28.0
JACKSON,2022,6.0,0.0,0.0,40.0,0.0,0.0,40.0
JACKSON,2023,2.0,0.0,0.0,2.0,1.0,0.0,2.0
JACKSON,2024,6.0,0.0,0.0,0.0,5.0,0.0,0.0
JACKSON,2025,3.0,0.0,0.0,4.0,1.0,4.0,0.0
JURUPA VALLEY,2018,594.0,469.0,0.0,340.0,466.0,0.0,340.0
JURUPA VALLEY,2019,740.0,740.0,0.0,0.0,289.0,0.0,0.0
JURUPA VALLEY,2020,0.0,0.0,0.0,465.0,315.0,0.0,465.0
JURUPA VALLEY,2021,641.0,0.0,0.0,222.0,222.0,0.0,222.0
JURUPA VALLEY,2022,149.0,149.0,0.0,224.0,163.0,40.0,184.0
JURUPA VALLEY,2023,48.0,48.0,0.0,128.0,160.0,66.0,62.0
JURUPA VALLEY,2024,972.0,262.0,80.0,329.0,27.0,75.0,254.0
JURUPA VALLEY,2025,1316.0,422.0,0.0,358.0,149.0,73.0,285.0
KERMAN,2018,0.0,0.0,0.0,97.0,99.0,39.0,58.0
KERMAN,2019,205.0,205.0,0.0,78.0,55.0,66.0,12.0
KERMAN,2020,189.0,189.0,0.0,66.0,48.0,66.0,0.0
KERMAN,2021,4.0,4.0,0.0,94.0,75.0,94.0,0.0
KERMAN,2022,0.0,0.0,0.0,81.0,144.0,81.0,0.0
KERMAN,2023,337.0,0.0,0.0,59.0,49.0,59.0,0.0
KERMAN,2024,372.0,0.0,0.0,55.0,32.0,0.0,55.0
KERMAN,2025,194.0,0.0,0.0,49.0,57.0,0.0,49.0
KERN COUNTY,2018,16.0,16.0,0.0,16.0,16.0,16.0,0.0
KERN COUNTY,2019,366.0,366.0,0.0,324.0,366.0,194.0,130.0
KERN COUNTY,2020,454.0,0.0,0.0,451.0,508.0,143.0,308.0
KERN COUNTY,2021,918.0,0.0,0.0,913.0,472.0,470.0,443.0
KERN COUNTY,2022,1365.0,0.0,0.0,422.0,581.0,180.0,242.0
KERN COUNTY,2023,389.0,0.0,0.0,468.0,484.0,249.0,219.0
KERN COUNTY,2024,575.0,248.0,0.0,658.0,316.0,472.0,186.0
KERN COUNTY,2025,759.0,66.0,0.0,518.0,490.0,77.0,441.0
KING CITY,2018,170.0,150.0,0.0,40.0,0.0,0.0,40.0
KING CITY,2019,7.0,0.0,7.0,50.0,0.0,0.0,50.0
KING CITY,2020,185.0,178.0,0.0,102.0,0.0,7.0,95.0
KING CITY,2021,0.0,0.0,0.0,0.0,0.0,0.0,0.0
KING CITY,2022,50.0,45.0,0.0,26.0,0.0,1.0,25.0
KING CITY,2023,393.0,16.0,0.0,106.0,83.0,47.0,59.0
KING CITY,2024,11.0,11.0,0.0,95.0,58.0,5.0,90.0
KING CITY,2025,14.0,14.0,0.0,50.0,57.0,0.0,50.0
KINGS COUNTY,2018,18.0,18.0,0.0,20.0,14.0,12.0,8.0
KINGS COUNTY,2019,42.0,42.0,0.0,22.0,22.0,14.0,8.0
KINGS COUNTY,2020,24.0,24.0,0.0,29.0,29.0,22.0,7.0
KINGS COUNTY,2021,54.0,49.0,0.0,56.0,13.0,51.0,5.0
KINGS COUNTY,2022,152.0,152.0,0.0,83.0,49.0,74.0,9.0
KINGS COUNTY,2023,135.0,135.0,0.0,25.0,109.0,17.0,8.0
KINGS COUNTY,2024,19.0,6.0,0.0,18.0,46.0,15.0,3.0
KINGS COUNTY,2025,21.0,21.0,0.0,16.0,15.0,12.0,4.0
KINGSBURG,2018,18.0,0.0,18.0,0.0,0.0,0.0,0.0
KINGSBURG,2019,0.0,0.0,0.0,116.0,0.0,54.0,62.0
KINGSBURG,2020,99.0,64.0,0.0,51.0,47.0,51.0,0.0
KINGSBURG,2021,116.0,0.0,0.0,116.0,0.0,50.0,66.0
KINGSBURG,2022,80.0,0.0,0.0,80.0,0.0,1.0,79.0
KINGSBURG,2023,41.0,0.0,0.0,41.0,0.0,0.0,41.0
KINGSBURG,2024,56.0,56.0,0.0,56.0,41.0,1.0,55.0
KINGSBURG,2025,44.0,44.0,0.0,18.0,0.0,0.0,18.0
LA CANADA FLINTRIDGE,2018,26.0,26.0,0.0,20.0,0.0,0.0,20.0
LA CANADA FLINTRIDGE,2019,22.0,0.0,0.0,9.0,0.0,0.0,9.0
LA CANADA FLINTRIDGE,2020,100.0,17.0,0.0,15.0,0.0,0.0,15.0
LA CANADA FLINTRIDGE,2021,60.0,43.0,0.0,18.0,13.0,0.0,18.0
LA CANADA FLINTRIDGE,2022,108.0,27.0,0.0,41.0,31.0,0.0,41.0
LA CANADA FLINTRIDGE,2023,56.0,20.0,0.0,48.0,25.0,0.0,48.0
LA CANADA FLINTRIDGE,2024,50.0,9.0,0.0,34.0,49.0,0.0,34.0
LA CANADA FLINTRIDGE,2025,33.0,4.0,0.0,38.0,35.0,0.0,38.0
LA HABRA,2018,70.0,0.0,70.0,54.0,39.0,7.0,47.0
LA HABRA,2019,5.0,0.0,5.0,30.0,30.0,7.0,23.0
LA HABRA,2020,47.0,5.0,0.0,63.0,40.0,33.0,30.0
LA HABRA,2021,178.0,117.0,0.0,46.0,27.0,43.0,3.0
LA HABRA,2022,256.0,0.0,0.0,61.0,42.0,46.0,15.0
LA HABRA,2023,42.0,10.0,0.0,155.0,68.0,90.0,65.0
LA HABRA,2024,15.0,0.0,0.0,271.0,144.0,153.0,118.0
LA HABRA,2025,98.0,98.0,0.0,91.0,46.0,37.0,54.0
LA HABRA HEIGHTS,2018,2.0,2.0,0.0,2.0,2.0,0.0,2.0
LA HABRA HEIGHTS,2019,4.0,2.0,0.0,6.0,3.0,0.0,6.0
LA HABRA HEIGHTS,2020,6.0,4.0,0.0,10.0,7.0,0.0,10.0
LA HABRA HEIGHTS,2021,10.0,3.0,0.0,14.0,7.0,0.0,14.0
LA HABRA HEIGHTS,2022,5.0,5.0,0.0,0.0,0.0,0.0,0.0
LA HABRA HEIGHTS,2023,5.0,5.0,0.0,5.0,1.0,3.0,2.0
LA HABRA HEIGHTS,2024,17.0,17.0,0.0,5.0,2.0,4.0,1.0
LA HABRA HEIGHTS,2025,30.0,30.0,0.0,9.0,3.0,5.0,4.0
LA MESA,2018,169.0,117.0,1.0,122.0,29.0,0.0,122.0
LA MESA,2019,48.0,0.0,0.0,181.0,59.0,13.0,168.0
LA MESA,2020,193.0,127.0,0.0,280.0,104.0,37.0,243.0
LA MESA,2021,165.0,21.0,0.0,141.0,187.0,70.0,71.0
LA MESA,2022,427.0,0.0,0.0,258.0,40.0,207.0,51.0
LA MESA,2023,371.0,30.0,0.0,217.0,142.0,110.0,107.0
LA MESA,2024,224.0,126.0,35.0,186.0,120.0,117.0,69.0
LA MESA,2025,453.0,64.0,0.0,254.0,249.0,99.0,155.0
LA MIRADA,2022,34.0,0.0,0.0,27.0,10.0,0.0,27.0
LA MIRADA,2023,43.0,43.0,0.0,12.0,21.0,0.0,12.0
LA MIRADA,2024,41.0,41.0,0.0,18.0,2.0,0.0,18.0
LA MIRADA,2025,52.0,52.0,0.0,45.0,4.0,0.0,45.0
LA PALMA,2018,1.0,0.0,0.0,0.0,0.0,0.0,0.0
LA PALMA,2019,1.0,1.0,0.0,1.0,0.0,1.0,0.0
LA PALMA,2020,1.0,0.0,0.0,1.0,0.0,1.0,0.0
LA PALMA,2021,2.0,0.0,0.0,2.0,0.0,2.0,0.0
LA PALMA,2022,4.0,4.0,0.0,4.0,0.0,4.0,0.0
LA PALMA,2023,4.0,0.0,0.0,3.0,2.0,3.0,0.0
LA PALMA,2024,0.0,0.0,0.0,6.0,1.0,6.0,0.0
LA PALMA,2025,0.0,0.0,0.0,4.0,2.0,4.0,0.0
LA PUENTE,2019,118.0,118.0,0.0,42.0,15.0,0.0,42.0
LA PUENTE,2020,49.0,37.0,0.0,137.0,16.0,73.0,64.0
LA PUENTE,2021,77.0,69.0,0.0,43.0,97.0,0.0,43.0
LA PUENTE,2022,50.0,42.0,0.0,29.0,45.0,0.0,29.0
LA PUENTE,2023,52.0,45.0,0.0,60.0,35.0,0.0,60.0
LA PUENTE,2024,45.0,29.0,0.0,30.0,44.0,0.0,30.0
LA PUENTE,2025,44.0,34.0,0.0,28.0,7.0,0.0,28.0
LA QUINTA,2018,107.0,83.0,0.0,195.0,0.0,72.0,123.0
LA QUINTA,2019,69.0,0.0,69.0,137.0,0.0,6.0,131.0
LA QUINTA,2020,44.0,0.0,0.0,195.0,0.0,0.0,195.0
LA QUINTA,2021,646.0,85.0,0.0,269.0,0.0,0.0,269.0
LA QUINTA,2022,604.0,168.0,0.0,526.0,0.0,0.0,526.0
LA QUINTA,2023,96.0,12.0,0.0,318.0,446.0,0.0,318.0
LA QUINTA,2024,110.0,0.0,0.0,107.0,331.0,2.0,105.0
LA QUINTA,2025,1075.0,61.0,0.0,107.0,170.0,11.0,96.0
LA VERNE,2018,82.0,11.0,0.0,47.0,19.0,9.0,38.0
LA VERNE,2019,29.0,11.0,0.0,14.0,44.0,8.0,6.0
LA VERNE,2020,142.0,17.0,0.0,25.0,15.0,10.0,15.0
LA VERNE,2021,26.0,26.0,0.0,23.0,15.0,8.0,15.0
LA VERNE,2022,32.0,18.0,0.0,2.0,2.0,2.0,0.0
LA VERNE,2023,400.0,400.0,0.0,15.0,14.0,8.0,7.0
LA VERNE,2024,161.0,21.0,0.0,35.0,14.0,25.0,10.0
LA VERNE,2025,156.0,24.0,0.0,26.0,42.0,19.0,7.0
LAFAYETTE,2018,75.0,56.0,0.0,31.0,87.0,2.0,29.0
LAFAYETTE,2019,109.0,107.0,2.0,88.0,39.0,17.0,71.0
LAFAYETTE,2020,217.0,217.0,0.0,83.0,28.0,27.0,56.0
LAFAYETTE,2021,48.0,48.0,0.0,23.0,6.0,21.0,2.0
LAFAYETTE,2022,127.0,120.0,0.0,70.0,79.0,41.0,29.0
LAFAYETTE,2023,40.0,40.0,0.0,78.0,65.0,37.0,41.0
LAFAYETTE,2024,62.0,57.0,0.0,56.0,53.0,21.0,35.0
LAFAYETTE,2025,185.0,154.0,0.0,120.0,66.0,61.0,59.0
LAGUNA BEACH,2018,35.0,14.0,0.0,12.0,15.0,5.0,7.0
LAGUNA BEACH,2019,44.0,22.0,22.0,16.0,10.0,8.0,8.0
LAGUNA BEACH,2020,56.0,45.0,11.0,25.0,7.0,12.0,13.0
LAGUNA BEACH,2021,76.0,74.0,0.0,27.0,32.0,0.0,27.0
LAGUNA BEACH,2022,94.0,94.0,0.0,97.0,34.0,0.0,97.0
LAGUNA BEACH,2023,170.0,163.0,0.0,193.0,83.0,10.0,183.0
LAGUNA BEACH,2024,171.0,160.0,1.0,178.0,71.0,0.0,178.0
LAGUNA BEACH,2025,93.0,93.0,0.0,87.0,62.0,43.0,44.0
LAGUNA HILLS,2019,0.0,0.0,0.0,2.0,3.0,0.0,2.0
LAGUNA HILLS,2020,0.0,0.0,0.0,5.0,2.0,0.0,5.0
LAGUNA HILLS,2021,1500.0,0.0,0.0,2.0,2.0,0.0,2.0
LAGUNA HILLS,2022,0.0,0.0,0.0,0.0,3.0,0.0,0.0
LAGUNA HILLS,2023,0.0,0.0,0.0,0.0,1.0,0.0,0.0
LAGUNA HILLS,2024,420.0,0.0,0.0,5.0,5.0,0.0,5.0
LAGUNA HILLS,2025,516.0,0.0,0.0,15.0,5.0,14.0,1.0
LAGUNA NIGUEL,2018,9.0,9.0,0.0,300.0,527.0,9.0,291.0
LAGUNA NIGUEL,2019,200.0,0.0,200.0,4.0,3.0,3.0,1.0
LAGUNA NIGUEL,2020,83.0,83.0,0.0,3.0,522.0,3.0,0.0
LAGUNA NIGUEL,2021,1.0,0.0,0.0,203.0,3.0,22.0,181.0
LAGUNA NIGUEL,2022,331.0,0.0,0.0,12.0,7.0,10.0,2.0
LAGUNA NIGUEL,2023,82.0,0.0,0.0,328.0,272.0,10.0,318.0
LAGUNA NIGUEL,2024,2.0,2.0,0.0,18.0,319.0,12.0,6.0
LAGUNA NIGUEL,2025,2.0,1.0,0.0,15.0,17.0,14.0,1.0
LAKE COUNTY,2018,116.0,116.0,0.0,63.0,91.0,47.0,16.0
LAKE COUNTY,2021,109.0,109.0,0.0,105.0,15.0,73.0,32.0
LAKE COUNTY,2022,152.0,76.0,0.0,112.0,1.0,81.0,31.0
LAKE COUNTY,2023,87.0,89.0,0.0,167.0,34.0,97.0,70.0
LAKE COUNTY,2024,118.0,0.0,0.0,131.0,28.0,47.0,84.0
LAKE COUNTY,2025,0.0,0.0,0.0,92.0,39.0,56.0,36.0
LAKE ELSINORE,2018,193.0,193.0,0.0,344.0,221.0,58.0,286.0
LAKE ELSINORE,2019,373.0,238.0,135.0,405.0,61.0,268.0,137.0
LAKE ELSINORE,2020,151.0,135.0,0.0,407.0,187.0,389.0,18.0
LAKE ELSINORE,2021,666.0,517.0,0.0,226.0,441.0,199.0,27.0
LAKE ELSINORE,2022,699.0,0.0,0.0,369.0,238.0,114.0,255.0
LAKE ELSINORE,2023,503.0,503.0,0.0,204.0,21.0,6.0,198.0
LAKE ELSINORE,2024,757.0,27.0,0.0,338.0,197.0,6.0,332.0
LAKE ELSINORE,2025,519.0,541.0,0.0,315.0,32.0,93.0,222.0
LAKE FOREST,2018,336.0,336.0,0.0,238.0,623.0,1.0,237.0
LAKE FOREST,2019,537.0,537.0,0.0,413.0,210.0,58.0,355.0
LAKE FOREST,2020,71.0,71.0,0.0,409.0,323.0,0.0,409.0
LAKE FOREST,2021,606.0,606.0,0.0,414.0,411.0,14.0,400.0
LAKE FOREST,2022,0.0,0.0,0.0,394.0,343.0,83.0,311.0
LAKE FOREST,2023,0.0,0.0,0.0,269.0,362.0,77.0,192.0
LAKE FOREST,2024,57.0,57.0,0.0,36.0,180.0,14.0,22.0
LAKE FOREST,2025,56.0,72.0,0.0,89.0,126.0,27.0,62.0
LAKEPORT,2018,25.0,25.0,0.0,25.0,0.0,24.0,1.0
LAKEPORT,2019,25.0,25.0,0.0,25.0,25.0,24.0,1.0
LAKEPORT,2020,73.0,25.0,0.0,74.0,74.0,72.0,2.0
LAKEPORT,2021,78.0,78.0,0.0,79.0,75.0,78.0,1.0
LAKEPORT,2022,262.0,0.0,0.0,5.0,1.0,2.0,3.0
LAKEPORT,2023,263.0,0.0,0.0,6.0,6.0,2.0,4.0
LAKEPORT,2024,7.0,7.0,0.0,13.0,8.0,4.0,9.0
LAKEPORT,2025,2.0,2.0,0.0,71.0,1.0,68.0,3.0
LAKEWOOD,2018,40.0,40.0,0.0,10.0,3.0,10.0,0.0
LAKEWOOD,2019,21.0,0.0,21.0,17.0,5.0,17.0,0.0
LAKEWOOD,2020,33.0,21.0,0.0,55.0,23.0,27.0,28.0
LAKEWOOD,2021,80.0,80.0,0.0,109.0,66.0,68.0,41.0
LAKEWOOD,2022,127.0,127.0,0.0,110.0,45.0,81.0,29.0
LAKEWOOD,2023,54.0,54.0,0.0,162.0,108.0,123.0,39.0
LAKEWOOD,2024,183.0,0.0,0.0,244.0,94.0,175.0,69.0
LAKEWOOD,2025,141.0,141.0,0.0,586.0,477.0,444.0,142.0
LANCASTER,2018,972.0,115.0,0.0,208.0,208.0,175.0,33.0
LANCASTER,2019,573.0,25.0,0.0,202.0,133.0,0.0,202.0
LANCASTER,2020,1313.0,89.0,0.0,362.0,136.0,51.0,311.0
LANCASTER,2021,1457.0,70.0,0.0,707.0,26.0,609.0,98.0
LANCASTER,2022,2155.0,517.0,0.0,199.0,297.0,0.0,199.0
LANCASTER,2023,1739.0,715.0,0.0,748.0,326.0,0.0,748.0
LANCASTER,2024,1791.0,712.0,0.0,921.0,1106.0,295.0,626.0
LANCASTER,2025,1194.0,229.0,0.0,463.0,623.0,238.0,225.0
LARKSPUR,2018,6.0,5.0,0.0,4.0,1.0,1.0,3.0
LARKSPUR,2019,6.0,5.0,1.0,4.0,2.0,3.0,1.0
LARKSPUR,2020,6.0,5.0,0.0,1.0,4.0,1.0,0.0
LARKSPUR,2021,6.0,6.0,0.0,2.0,0.0,1.0,1.0
LARKSPUR,2022,58.0,58.0,0.0,52.0,5.0,52.0,0.0
LARKSPUR,2023,21.0,20.0,0.0,18.0,51.0,18.0,0.0
LARKSPUR,2024,44.0,44.0,0.0,21.0,10.0,19.0,2.0
LARKSPUR,2025,6.0,6.0,0.0,10.0,12.0,9.0,1.0
LASSEN COUNTY,2019,11.0,6.0,0.0,11.0,8.0,0.0,11.0
LASSEN COUNTY,2020,11.0,0.0,0.0,0.0,0.0,0.0,0.0
LASSEN COUNTY,2021,15.0,0.0,0.0,15.0,0.0,0.0,15.0
LASSEN COUNTY,2022,33.0,0.0,0.0,0.0,0.0,0.0,0.0
LASSEN COUNTY,2023,36.0,36.0,0.0,29.0,9.0,29.0,0.0
LASSEN COUNTY,2024,16.0,0.0,0.0,24.0,24.0,9.0,15.0
LASSEN COUNTY,2025,11.0,7.0,0.0,6.0,17.0,3.0,3.0
LATHROP,2018,588.0,588.0,0.0,383.0,0.0,0.0,383.0
LATHROP,2019,846.0,846.0,0.0,389.0,0.0,0.0,389.0
LATHROP,2020,11160.0,434.0,0.0,827.0,0.0,148.0,679.0
LATHROP,2021,1738.0,1738.0,0.0,1129.0,0.0,179.0,950.0
LATHROP,2022,1326.0,1326.0,0.0,958.0,0.0,34.0,924.0
LATHROP,2023,784.0,634.0,0.0,575.0,0.0,9.0,566.0
LATHROP,2024,1093.0,1093.0,0.0,732.0,0.0,0.0,732.0
LATHROP,2025,689.0,689.0,0.0,821.0,0.0,0.0,821.0
LAWNDALE,2018,18.0,18.0,0.0,20.0,20.0,0.0,20.0
LAWNDALE,2019,74.0,42.0,0.0,51.0,0.0,0.0,51.0
LAWNDALE,2020,48.0,28.0,0.0,26.0,0.0,0.0,26.0
LAWNDALE,2021,92.0,36.0,0.0,13.0,2.0,0.0,13.0
LAWNDALE,2022,50.0,40.0,0.0,0.0,0.0,0.0,0.0
LAWNDALE,2023,247.0,0.0,0.0,0.0,0.0,0.0,0.0
LAWNDALE,2024,43.0,43.0,0.0,3.0,0.0,0.0,3.0
LEMON GROVE,2018,0.0,0.0,0.0,28.0,25.0,25.0,3.0
LEMON GROVE,2019,29.0,29.0,0.0,9.0,26.0,7.0,2.0
LEMON GROVE,2020,229.0,229.0,0.0,23.0,9.0,15.0,8.0
LEMON GROVE,2021,109.0,109.0,0.0,109.0,0.0,0.0,109.0
LEMON GROVE,2022,78.0,0.0,0.0,99.0,0.0,0.0,99.0
LEMON GROVE,2023,103.0,42.0,0.0,46.0,0.0,13.0,33.0
LEMON GROVE,2024,64.0,11.0,0.0,65.0,160.0,4.0,61.0
LEMON GROVE,2025,90.0,11.0,0.0,32.0,61.0,6.0,26.0
LEMOORE,2018,1.0,0.0,1.0,8.0,68.0,8.0,0.0
LEMOORE,2019,0.0,0.0,0.0,145.0,125.0,26.0,119.0
LEMOORE,2020,0.0,0.0,0.0,207.0,217.0,68.0,139.0
LEMOORE,2021,3.0,0.0,0.0,4.0,32.0,3.0,1.0
LEMOORE,2022,427.0,0.0,0.0,28.0,0.0,19.0,9.0
LEMOORE,2023,427.0,427.0,0.0,160.0,20.0,18.0,142.0
LEMOORE,2024,527.0,527.0,0.0,178.0,157.0,124.0,54.0
LEMOORE,2025,243.0,162.0,0.0,119.0,58.0,110.0,9.0
LINCOLN,2018,45.0,0.0,45.0,45.0,39.0,29.0,16.0
LINCOLN,2019,114.0,0.0,114.0,114.0,114.0,111.0,3.0
LINCOLN,2020,531.0,0.0,0.0,531.0,308.0,516.0,15.0
LINCOLN,2021,670.0,0.0,0.0,663.0,172.0,662.0,1.0
LINCOLN,2022,706.0,449.0,0.0,860.0,217.0,116.0,744.0
LINCOLN,2023,252.0,90.0,0.0,458.0,628.0,164.0,294.0
LINCOLN,2024,1516.0,305.0,0.0,760.0,525.0,227.0,533.0
LINCOLN,2025,256.0,0.0,0.0,874.0,591.0,108.0,766.0
LINDSAY,2018,25.0,24.0,0.0,22.0,80.0,22.0,0.0
LINDSAY,2019,15.0,0.0,0.0,6.0,9.0,0.0,6.0
LINDSAY,2020,8.0,0.0,0.0,3.0,9.0,1.0,2.0
LINDSAY,2021,4.0,2.0,0.0,1.0,6.0,0.0,1.0
LINDSAY,2022,60.0,60.0,0.0,60.0,55.0,54.0,6.0
LINDSAY,2023,10.0,10.0,0.0,10.0,3.0,0.0,10.0
LINDSAY,2025,50.0,48.0,0.0,11.0,8.0,7.0,4.0
LIVE OAK,2018,104.0,104.0,0.0,52.0,0.0,0.0,52.0
LIVE OAK,2019,0.0,0.0,0.0,50.0,40.0,0.0,50.0
LIVE OAK,2020,172.0,172.0,0.0,121.0,65.0,24.0,97.0
LIVE OAK,2021,0.0,0.0,0.0,69.0,69.0,0.0,69.0
LIVE OAK,2022,0.0,0.0,0.0,56.0,56.0,0.0,56.0
LIVE OAK,2023,0.0,0.0,0.0,18.0,18.0,0.0,18.0
LIVE OAK,2024,0.0,0.0,0.0,1.0,0.0,0.0,1.0
LIVE OAK,2025,0.0,0.0,0.0,2.0,0.0,0.0,2.0
LIVERMORE,2018,259.0,31.0,0.0,305.0,222.0,70.0,235.0
LIVERMORE,2019,188.0,36.0,0.0,341.0,242.0,81.0,260.0
LIVERMORE,2020,508.0,41.0,0.0,167.0,298.0,43.0,124.0
LIVERMORE,2021,659.0,1.0,0.0,129.0,126.0,104.0,25.0
LIVERMORE,2022,91.0,67.0,0.0,212.0,69.0,173.0,39.0
LIVERMORE,2023,1841.0,45.0,0.0,180.0,287.0,137.0,43.0
LIVERMORE,2024,303.0,94.0,0.0,517.0,106.0,223.0,294.0
LIVERMORE,2025,100.0,100.0,0.0,850.0,110.0,410.0,440.0
LIVINGSTON,2018,104.0,0.0,0.0,24.0,0.0,0.0,24.0
LIVINGSTON,2019,85.0,85.0,0.0,87.0,0.0,11.0,76.0
LIVINGSTON,2020,585.0,105.0,0.0,105.0,68.0,0.0,105.0
LIVINGSTON,2021,103.0,26.0,0.0,40.0,0.0,1.0,39.0
LIVINGSTON,2022,2.0,2.0,0.0,9.0,0.0,9.0,0.0
LIVINGSTON,2023,83.0,3.0,0.0,4.0,2.0,0.0,4.0
LIVINGSTON,2024,5.0,5.0,0.0,5.0,5.0,5.0,0.0
LIVINGSTON,2025,4.0,0.0,0.0,90.0,1.0,86.0,4.0
LODI,2018,244.0,244.0,0.0,218.0,0.0,48.0,170.0
LODI,2019,46.0,0.0,0.0,490.0,59.0,0.0,490.0
LODI,2020,150.0,150.0,0.0,267.0,131.0,2.0,265.0
LODI,2021,236.0,236.0,0.0,196.0,495.0,0.0,196.0
LODI,2022,1192.0,236.0,0.0,372.0,775.0,10.0,362.0
LODI,2023,295.0,0.0,0.0,168.0,132.0,41.0,127.0
LODI,2024,371.0,321.0,0.0,190.0,89.0,16.0,174.0
LODI,2025,2.0,2.0,0.0,178.0,243.0,23.0,155.0
LOMA LINDA,2018,238.0,234.0,0.0,127.0,121.0,87.0,40.0
LOMA LINDA,2019,6.0,6.0,0.0,91.0,26.0,0.0,91.0
LOMA LINDA,2020,272.0,272.0,0.0,180.0,167.0,21.0,159.0
LOMA LINDA,2021,187.0,19.0,0.0,92.0,93.0,2.0,90.0
LOMA LINDA,2022,128.0,128.0,0.0,41.0,81.0,18.0,23.0
LOMA LINDA,2023,37.0,43.0,0.0,11.0,21.0,11.0,0.0
LOMA LINDA,2024,177.0,159.0,0.0,132.0,29.0,27.0,105.0
LOMA LINDA,2025,442.0,30.0,0.0,119.0,138.0,37.0,82.0
LOMITA,2018,40.0,40.0,0.0,23.0,19.0,3.0,20.0
LOMITA,2019,31.0,15.0,0.0,25.0,2.0,1.0,24.0
LOMITA,2020,22.0,10.0,2.0,245.0,26.0,0.0,245.0
LOMITA,2021,32.0,20.0,1.0,2.0,7.0,1.0,1.0
LOMITA,2022,40.0,39.0,0.0,41.0,231.0,8.0,33.0
LOMITA,2023,32.0,25.0,7.0,31.0,17.0,13.0,18.0
LOMITA,2024,47.0,38.0,9.0,51.0,45.0,0.0,51.0
LOMITA,2025,25.0,25.0,0.0,25.0,23.0,0.0,25.0
LOMPOC,2018,22.0,0.0,22.0,5.0,0.0,5.0,0.0
LOMPOC,2019,30.0,30.0,0.0,6.0,0.0,0.0,6.0
LOMPOC,2020,268.0,0.0,0.0,8.0,0.0,0.0,8.0
LOMPOC,2021,0.0,0.0,0.0,0.0,44.0,0.0,0.0
LOMPOC,2022,0.0,0.0,0.0,0.0,19.0,0.0,0.0
LOMPOC,2023,0.0,0.0,0.0,38.0,36.0,15.0,23.0
LOMPOC,2024,0.0,0.0,0.0,84.0,47.0,15.0,69.0
LOMPOC,2025,86.0,86.0,0.0,204.0,0.0,68.0,136.0
LONG BEACH,2018,3661.0,471.0,0.0,270.0,79.0,47.0,223.0
LONG BEACH,2019,3685.0,0.0,0.0,1261.0,423.0,223.0,1038.0
LONG BEACH,2020,1997.0,437.0,0.0,951.0,737.0,39.0,912.0
LONG BEACH,2021,2077.0,564.0,0.0,1071.0,1371.0,87.0,984.0
LONG BEACH,2022,3493.0,421.0,0.0,998.0,1007.0,424.0,574.0
LONG BEACH,2023,3892.0,1088.0,0.0,1011.0,1215.0,0.0,1011.0
LONG BEACH,2024,2652.0,1398.0,0.0,1732.0,1440.0,270.0,1462.0
LONG BEACH,2025,0.0,0.0,0.0,1218.0,905.0,133.0,1085.0
LOOMIS,2018,0.0,0.0,0.0,0.0,0.0,0.0,0.0
LOOMIS,2019,4.0,4.0,0.0,4.0,4.0,1.0,3.0
LOOMIS,2020,6.0,6.0,0.0,7.0,0.0,6.0,1.0
LOOMIS,2021,33.0,33.0,0.0,39.0,8.0,33.0,6.0
LOOMIS,2022,65.0,65.0,0.0,31.0,0.0,10.0,21.0
LOOMIS,2023,26.0,26.0,0.0,26.0,8.0,9.0,17.0
LOOMIS,2024,30.0,30.0,0.0,27.0,6.0,14.0,13.0
LOOMIS,2025,25.0,25.0,0.0,25.0,13.0,11.0,14.0
LOS ALAMITOS,2018,113.0,113.0,0.0,73.0,7.0,0.0,73.0
LOS ALAMITOS,2020,0.0,0.0,0.0,0.0,24.0,0.0,0.0
LOS ALAMITOS,2021,0.0,0.0,0.0,31.0,31.0,0.0,31.0
LOS ALAMITOS,2022,0.0,0.0,0.0,111.0,111.0,0.0,111.0
LOS ALAMITOS,2023,246.0,0.0,0.0,0.0,0.0,0.0,0.0
LOS ALAMITOS,2024,0.0,0.0,0.0,10.0,8.0,0.0,10.0
LOS ALAMITOS,2025,0.0,0.0,0.0,9.0,13.0,0.0,9.0
LOS ALTOS,2018,146.0,146.0,0.0,71.0,0.0,11.0,60.0
LOS ALTOS,2019,85.0,318.0,0.0,139.0,0.0,0.0,139.0
LOS ALTOS,2020,81.0,81.0,0.0,24.0,2.0,0.0,24.0
LOS ALTOS,2021,191.0,75.0,0.0,119.0,23.0,61.0,58.0
LOS ALTOS,2022,461.0,382.0,0.0,62.0,40.0,56.0,6.0
LOS ALTOS,2023,137.0,39.0,0.0,114.0,51.0,95.0,19.0
LOS ALTOS,2024,91.0,0.0,0.0,245.0,132.0,82.0,163.0
LOS ALTOS,2025,263.0,91.0,0.0,247.0,73.0,181.0,66.0
LOS ALTOS HILLS,2018,12.0,12.0,0.0,28.0,33.0,5.0,23.0
LOS ALTOS HILLS,2019,76.0,28.0,0.0,47.0,48.0,13.0,34.0
LOS ALTOS HILLS,2020,151.0,106.0,7.0,87.0,75.0,38.0,49.0
LOS ALTOS HILLS,2021,239.0,191.0,0.0,149.0,90.0,75.0,74.0
LOS ALTOS HILLS,2022,327.0,243.0,0.0,191.0,113.0,103.0,88.0
LOS ALTOS HILLS,2023,18.0,13.0,0.0,30.0,29.0,23.0,7.0
LOS ALTOS HILLS,2024,11.0,0.0,0.0,48.0,35.0,45.0,3.0
LOS ALTOS HILLS,2025,23.0,0.0,0.0,37.0,37.0,28.0,9.0
LOS ANGELES,2018,45017.0,4370.0,265.0,20831.0,13864.0,1595.0,19236.0
LOS ANGELES,2019,53669.0,15843.0,859.0,31491.0,12498.0,1628.0,29863.0
LOS ANGELES,2020,34246.0,7905.0,0.0,31946.0,16795.0,3158.0,28788.0
LOS ANGELES,2021,49443.0,12157.0,0.0,34369.0,17131.0,3998.0,30371.0
LOS ANGELES,2022,51017.0,13896.0,0.0,36733.0,15720.0,3842.0,32891.0
LOS ANGELES,2023,39009.0,4084.0,167.0,30203.0,16208.0,5816.0,24387.0
LOS ANGELES,2024,39745.0,8240.0,17.0,34872.0,18364.0,7397.0,27475.0
LOS ANGELES,2025,36220.0,6473.0,12.0,35430.0,18596.0,7679.0,27751.0
LOS ANGELES COUNTY,2018,2429.0,826.0,4.0,633.0,84.0,71.0,562.0
LOS ANGELES COUNTY,2019,2546.0,1113.0,209.0,1291.0,398.0,161.0,1130.0
LOS ANGELES COUNTY,2020,2916.0,1599.0,98.0,959.0,340.0,290.0,669.0
LOS ANGELES COUNTY,2021,975.0,657.0,0.0,2085.0,570.0,347.0,1738.0
LOS ANGELES COUNTY,2022,4382.0,2946.0,0.0,1766.0,957.0,253.0,1513.0
LOS ANGELES COUNTY,2023,5647.0,3401.0,17.0,3047.0,1389.0,596.0,2451.0
LOS ANGELES COUNTY,2024,13329.0,3233.0,11.0,2194.0,1776.0,192.0,2002.0
LOS ANGELES COUNTY,2025,9180.0,5746.0,77.0,3207.0,2204.0,179.0,3028.0
LOS BANOS,2018,375.0,375.0,0.0,263.0,316.0,5.0,258.0
LOS BANOS,2019,10.0,0.0,10.0,194.0,193.0,2.0,192.0
LOS BANOS,2020,82.0,9.0,57.0,402.0,247.0,15.0,387.0
LOS BANOS,2021,271.0,271.0,0.0,440.0,410.0,20.0,420.0
LOS BANOS,2022,640.0,0.0,0.0,371.0,299.0,15.0,356.0
LOS BANOS,2023,276.0,0.0,0.0,175.0,138.0,20.0,155.0
LOS BANOS,2024,202.0,202.0,0.0,181.0,94.0,16.0,165.0
LOS BANOS,2025,219.0,204.0,0.0,270.0,176.0,46.0,224.0
LOS GATOS,2018,58.0,49.0,0.0,25.0,22.0,18.0,7.0
LOS GATOS,2019,58.0,58.0,0.0,31.0,29.0,28.0,3.0
LOS GATOS,2020,27.0,27.0,0.0,181.0,16.0,101.0,80.0
LOS GATOS,2021,185.0,59.0,0.0,225.0,48.0,40.0,185.0
LOS GATOS,2022,75.0,57.0,0.0,249.0,65.0,68.0,181.0
LOS GATOS,2023,734.0,10.0,0.0,460.0,246.0,168.0,292.0
LOS GATOS,2024,1106.0,29.0,0.0,246.0,77.0,104.0,142.0
LOS GATOS,2025,402.0,53.0,0.0,244.0,141.0,118.0,126.0
LYNWOOD,2018,375.0,375.0,0.0,0.0,0.0,0.0,0.0
LYNWOOD,2019,39.0,39.0,0.0,10.0,0.0,0.0,10.0
LYNWOOD,2020,167.0,167.0,0.0,31.0,10.0,0.0,31.0
LYNWOOD,2021,131.0,0.0,0.0,44.0,21.0,44.0,0.0
LYNWOOD,2022,143.0,0.0,0.0,208.0,23.0,207.0,1.0
LYNWOOD,2023,148.0,148.0,0.0,125.0,0.0,125.0,0.0
LYNWOOD,2024,246.0,221.0,0.0,114.0,26.0,0.0,114.0
MADERA,2018,365.0,252.0,113.0,113.0,113.0,0.0,113.0
MADERA,2019,588.0,465.0,11.0,148.0,148.0,0.0,148.0
MADERA,2020,463.0,463.0,0.0,283.0,231.0,283.0,0.0
MADERA,2021,316.0,316.0,0.0,327.0,165.0,308.0,19.0
MADERA,2022,1206.0,1046.0,0.0,261.0,172.0,46.0,215.0
MADERA,2023,600.0,552.0,0.0,228.0,216.0,16.0,212.0
MADERA COUNTY,2018,0.0,0.0,0.0,319.0,0.0,10.0,309.0
MADERA COUNTY,2019,0.0,0.0,0.0,480.0,0.0,0.0,480.0
MADERA COUNTY,2020,0.0,0.0,0.0,519.0,145.0,0.0,519.0
MADERA COUNTY,2021,0.0,0.0,0.0,822.0,544.0,0.0,822.0
MADERA COUNTY,2022,123.0,123.0,0.0,669.0,162.0,0.0,669.0
MADERA COUNTY,2023,70.0,0.0,0.0,636.0,643.0,70.0,566.0
MADERA COUNTY,2024,603.0,0.0,0.0,0.0,966.0,0.0,0.0
MADERA COUNTY,2025,625.0,0.0,0.0,991.0,1045.0,9.0,982.0
MALIBU,2018,4.0,4.0,0.0,17.0,4.0,0.0,17.0
MALIBU,2019,17.0,9.0,0.0,18.0,12.0,0.0,18.0
MALIBU,2020,11.0,9.0,0.0,14.0,10.0,0.0,14.0
MALIBU,2021,16.0,13.0,0.0,17.0,2.0,0.0,17.0
MALIBU,2022,30.0,7.0,0.0,15.0,4.0,0.0,15.0
MALIBU,2023,48.0,7.0,0.0,40.0,48.0,0.0,40.0
MALIBU,2024,72.0,0.0,0.0,34.0,52.0,0.0,34.0
MALIBU,2025,284.0,189.0,0.0,49.0,48.0,0.0,49.0
MAMMOTH LAKES,2018,225.0,48.0,0.0,38.0,22.0,0.0,38.0
MAMMOTH LAKES,2019,140.0,36.0,0.0,41.0,41.0,0.0,41.0
MAMMOTH LAKES,2020,116.0,30.0,0.0,61.0,37.0,0.0,61.0
MAMMOTH LAKES,2021,118.0,20.0,0.0,42.0,50.0,0.0,42.0
MAMMOTH LAKES,2022,266.0,246.0,0.0,126.0,46.0,80.0,46.0
MAMMOTH LAKES,2023,38.0,26.0,0.0,41.0,34.0,15.0,26.0
MAMMOTH LAKES,2024,296.0,207.0,0.0,129.0,50.0,96.0,33.0
MAMMOTH LAKES,2025,33.0,33.0,0.0,25.0,127.0,0.0,25.0
MANHATTAN BEACH,2018,74.0,72.0,2.0,43.0,100.0,0.0,43.0
MANHATTAN BEACH,2019,118.0,118.0,0.0,96.0,107.0,0.0,96.0
MANHATTAN BEACH,2020,77.0,10.0,0.0,0.0,5.0,0.0,0.0
MANHATTAN BEACH,2021,137.0,22.0,0.0,22.0,14.0,0.0,22.0
MANHATTAN BEACH,2022,46.0,9.0,0.0,93.0,77.0,0.0,93.0
MANHATTAN BEACH,2023,100.0,0.0,0.0,90.0,73.0,0.0,90.0
MANHATTAN BEACH,2024,141.0,21.0,0.0,209.0,89.0,7.0,202.0
MANHATTAN BEACH,2025,536.0,0.0,0.0,102.0,96.0,0.0,102.0
MANTECA,2018,0.0,0.0,0.0,489.0,0.0,13.0,476.0
MANTECA,2019,0.0,0.0,0.0,696.0,0.0,182.0,514.0
MANTECA,2020,2374.0,69.0,0.0,873.0,275.0,2.0,871.0
MANTECA,2021,2125.0,0.0,0.0,2695.0,0.0,0.0,2695.0
MANTECA,2022,1388.0,0.0,0.0,1468.0,1059.0,0.0,1468.0
MANTECA,2023,562.0,24.0,0.0,594.0,814.0,0.0,594.0
MARICOPA,2025,0.0,0.0,0.0,3.0,3.0,3.0,0.0
MARIN COUNTY,2018,67.0,44.0,0.0,47.0,28.0,11.0,36.0
MARIN COUNTY,2019,71.0,30.0,0.0,63.0,41.0,24.0,39.0
MARIN COUNTY,2020,60.0,60.0,0.0,54.0,0.0,27.0,27.0
MARIN COUNTY,2021,193.0,79.0,0.0,60.0,73.0,21.0,39.0
MARIN COUNTY,2022,232.0,18.0,0.0,54.0,33.0,41.0,13.0
MARIN COUNTY,2023,181.0,29.0,0.0,187.0,26.0,138.0,49.0
MARIN COUNTY,2024,472.0,260.0,0.0,107.0,43.0,66.0,41.0
MARIN COUNTY,2025,748.0,1.0,0.0,178.0,61.0,51.0,127.0
MARINA,2018,110.0,110.0,0.0,121.0,0.0,0.0,121.0
MARINA,2019,96.0,2.0,0.0,171.0,132.0,0.0,171.0
MARINA,2020,94.0,1.0,0.0,84.0,58.0,0.0,84.0
MARINA,2021,14.0,14.0,0.0,210.0,132.0,0.0,210.0
MARINA,2022,253.0,0.0,0.0,246.0,132.0,0.0,246.0
MARINA,2023,8.0,8.0,0.0,223.0,0.0,71.0,152.0
MARINA,2024,45.0,45.0,0.0,259.0,259.0,92.0,167.0
MARINA,2025,34.0,34.0,0.0,458.0,252.0,130.0,328.0
MARIPOSA COUNTY,2018,49.0,49.0,0.0,56.0,12.0,0.0,56.0
MARIPOSA COUNTY,2019,125.0,116.0,0.0,63.0,60.0,0.0,63.0
MARIPOSA COUNTY,2020,214.0,156.0,0.0,119.0,89.0,1.0,118.0
MARIPOSA COUNTY,2021,203.0,201.0,0.0,164.0,145.0,1.0,163.0
MARIPOSA COUNTY,2022,270.0,259.0,0.0,226.0,227.0,1.0,225.0
MARIPOSA COUNTY,2023,335.0,318.0,0.0,345.0,286.0,1.0,344.0
MARIPOSA COUNTY,2024,54.0,45.0,0.0,383.0,338.0,1.0,382.0
MARIPOSA COUNTY,2025,38.0,0.0,0.0,55.0,0.0,0.0,55.0
MARTINEZ,2018,6.0,3.0,3.0,6.0,0.0,0.0,6.0
MARTINEZ,2019,10.0,4.0,0.0,5.0,0.0,0.0,5.0
MARTINEZ,2020,30.0,30.0,0.0,18.0,0.0,0.0,18.0
MARTINEZ,2021,5.0,1.0,0.0,65.0,0.0,0.0,65.0
MARTINEZ,2022,189.0,189.0,0.0,42.0,0.0,0.0,42.0
MARTINEZ,2023,51.0,48.0,0.0,122.0,90.0,29.0,93.0
MARTINEZ,2024,14.0,13.0,0.0,65.0,47.0,27.0,38.0
MARTINEZ,2025,64.0,66.0,0.0,53.0,19.0,39.0,14.0
MARYSVILLE,2018,4.0,4.0,0.0,4.0,2.0,0.0,4.0
MARYSVILLE,2019,1.0,0.0,1.0,1.0,1.0,1.0,0.0
MARYSVILLE,2020,2.0,2.0,0.0,2.0,2.0,0.0,2.0
MARYSVILLE,2021,76.0,76.0,0.0,76.0,0.0,75.0,1.0
MARYSVILLE,2022,11.0,1.0,0.0,0.0,0.0,0.0,0.0
MARYSVILLE,2023,16.0,0.0,0.0,71.0,71.0,71.0,0.0
MARYSVILLE,2024,15.0,15.0,0.0,9.0,0.0,0.0,9.0
MARYSVILLE,2025,8.0,8.0,0.0,3.0,2.0,0.0,3.0
MAYWOOD,2019,21.0,0.0,21.0,21.0,2.0,16.0,5.0
MAYWOOD,2020,12.0,12.0,0.0,11.0,1.0,8.0,3.0
MAYWOOD,2021,8.0,8.0,0.0,8.0,8.0,4.0,4.0
MAYWOOD,2022,29.0,28.0,0.0,0.0,12.0,0.0,0.0
MAYWOOD,2023,9.0,9.0,0.0,9.0,9.0,0.0,9.0
MAYWOOD,2024,33.0,34.0,0.0,18.0,0.0,0.0,18.0
MCFARLAND,2019,7.0,0.0,6.0,7.0,7.0,0.0,7.0
MCFARLAND,2020,69.0,69.0,0.0,69.0,69.0,69.0,0.0
MCFARLAND,2021,3.0,3.0,0.0,0.0,0.0,0.0,0.0
MCFARLAND,2022,15.0,15.0,0.0,95.0,0.0,95.0,0.0
MCFARLAND,2023,48.0,48.0,0.0,48.0,48.0,48.0,0.0
MCFARLAND,2024,87.0,0.0,0.0,87.0,87.0,87.0,0.0
MCFARLAND,2025,73.0,0.0,0.0,73.0,0.0,0.0,73.0
MENDOCINO COUNTY,2018,241.0,181.0,0.0,79.0,28.0,0.0,79.0
MENDOCINO COUNTY,2019,230.0,184.0,0.0,180.0,87.0,95.0,85.0
MENDOCINO COUNTY,2020,132.0,132.0,0.0,155.0,123.0,85.0,70.0
MENDOCINO COUNTY,2021,298.0,259.0,0.0,341.0,263.0,220.0,121.0
MENDOCINO COUNTY,2022,147.0,146.0,0.0,259.0,181.0,174.0,85.0
MENDOCINO COUNTY,2023,89.0,48.0,0.0,169.0,81.0,71.0,98.0
MENDOCINO COUNTY,2024,137.0,60.0,0.0,152.0,123.0,57.0,95.0
MENDOCINO COUNTY,2025,115.0,132.0,0.0,165.0,108.0,56.0,109.0
MENDOTA,2018,0.0,0.0,0.0,66.0,0.0,66.0,0.0
MENDOTA,2019,0.0,0.0,0.0,53.0,55.0,53.0,0.0
MENDOTA,2020,0.0,0.0,0.0,51.0,0.0,50.0,1.0
MENDOTA,2021,11.0,0.0,0.0,11.0,0.0,11.0,0.0
MENDOTA,2022,6.0,6.0,0.0,18.0,0.0,18.0,0.0
MENDOTA,2023,0.0,0.0,0.0,26.0,14.0,24.0,2.0
MENDOTA,2024,6.0,6.0,0.0,25.0,0.0,23.0,2.0
MENDOTA,2025,0.0,0.0,0.0,31.0,0.0,0.0,31.0
MENIFEE,2018,1119.0,1119.0,0.0,941.0,841.0,182.0,759.0
MENIFEE,2019,69.0,69.0,0.0,1036.0,930.0,383.0,653.0
MENIFEE,2020,1596.0,1505.0,0.0,1442.0,1049.0,9.0,1433.0
MENIFEE,2021,748.0,0.0,0.0,1226.0,1410.0,20.0,1206.0
MENIFEE,2022,1657.0,420.0,0.0,905.0,1287.0,13.0,892.0
MENIFEE,2023,962.0,7.0,0.0,1589.0,653.0,14.0,1575.0
MENIFEE,2024,1463.0,0.0,0.0,637.0,1120.0,20.0,617.0
MENIFEE,2025,1060.0,0.0,0.0,758.0,958.0,22.0,736.0
MENLO PARK,2018,8.0,9.0,0.0,44.0,315.0,18.0,26.0
MENLO PARK,2019,5.0,5.0,0.0,196.0,33.0,24.0,172.0
MENLO PARK,2020,3.0,3.0,0.0,256.0,40.0,26.0,230.0
MENLO PARK,2021,17.0,0.0,0.0,96.0,21.0,91.0,5.0
MENLO PARK,2022,28.0,0.0,0.0,837.0,29.0,161.0,676.0
MENLO PARK,2023,18.0,18.0,0.0,869.0,251.0,191.0,678.0
MENLO PARK,2024,701.0,36.0,0.0,201.0,68.0,163.0,38.0
MENLO PARK,2025,988.0,892.0,0.0,272.0,42.0,188.0,84.0
MERCED,2018,993.0,993.0,0.0,629.0,335.0,0.0,629.0
MERCED,2019,1283.0,840.0,444.0,668.0,183.0,18.0,650.0
MERCED,2020,1101.0,1101.0,0.0,1110.0,413.0,611.0,499.0
MERCED,2021,1030.0,794.0,0.0,734.0,892.0,78.0,656.0
MERCED,2022,106.0,106.0,0.0,628.0,808.0,0.0,628.0
MERCED,2023,406.0,319.0,0.0,464.0,628.0,123.0,341.0
MERCED,2024,392.0,364.0,0.0,517.0,427.0,201.0,316.0
MERCED,2025,1181.0,521.0,0.0,973.0,565.0,262.0,711.0
MERCED COUNTY,2018,14.0,14.0,0.0,163.0,86.0,14.0,149.0
MERCED COUNTY,2019,15.0,15.0,0.0,133.0,58.0,28.0,105.0
MERCED COUNTY,2020,42.0,42.0,0.0,126.0,60.0,77.0,49.0
MERCED COUNTY,2021,281.0,135.0,0.0,48.0,45.0,6.0,42.0
MERCED COUNTY,2022,26.0,22.0,0.0,95.0,41.0,27.0,68.0
MERCED COUNTY,2023,55.0,20.0,0.0,75.0,41.0,28.0,47.0
MERCED COUNTY,2024,398.0,9.0,0.0,71.0,72.0,19.0,52.0
MERCED COUNTY,2025,482.0,34.0,0.0,51.0,26.0,23.0,28.0
MILL VALLEY,2018,13.0,11.0,0.0,15.0,9.0,11.0,4.0
MILL VALLEY,2019,5.0,5.0,0.0,26.0,3.0,15.0,11.0
MILL VALLEY,2020,20.0,19.0,0.0,16.0,3.0,15.0,1.0
MILL VALLEY,2021,43.0,6.0,0.0,45.0,0.0,30.0,15.0
MILL VALLEY,2022,15.0,15.0,0.0,17.0,12.0,16.0,1.0
MILL VALLEY,2023,92.0,46.0,0.0,29.0,19.0,26.0,3.0
MILL VALLEY,2024,25.0,20.0,0.0,27.0,24.0,25.0,2.0
MILL VALLEY,2025,26.0,9.0,1.0,13.0,21.0,9.0,4.0
MILLBRAE,2018,383.0,2.0,0.0,0.0,1.0,0.0,0.0
MILLBRAE,2019,425.0,0.0,0.0,18.0,8.0,14.0,4.0
MILLBRAE,2020,0.0,0.0,0.0,328.0,3.0,25.0,303.0
MILLBRAE,2021,391.0,0.0,0.0,98.0,19.0,96.0,2.0
MILLBRAE,2022,0.0,0.0,0.0,14.0,82.0,12.0,2.0
MILLBRAE,2023,0.0,0.0,0.0,13.0,263.0,12.0,1.0
MILLBRAE,2024,98.0,98.0,0.0,293.0,10.0,38.0,255.0
MILLBRAE,2025,0.0,0.0,0.0,97.0,10.0,95.0,2.0
MILPITAS,2018,279.0,90.0,0.0,1786.0,414.0,10.0,1776.0
MILPITAS,2019,94.0,94.0,0.0,141.0,534.0,0.0,141.0
MILPITAS,2020,174.0,21.0,0.0,415.0,231.0,132.0,283.0
MILPITAS,2021,193.0,67.0,0.0,229.0,97.0,134.0,95.0
MILPITAS,2022,493.0,81.0,0.0,268.0,191.0,154.0,114.0
MILPITAS,2023,236.0,56.0,0.0,64.0,161.0,32.0,32.0
MILPITAS,2024,2058.0,0.0,0.0,107.0,77.0,44.0,63.0
MILPITAS,2025,37.0,0.0,0.0,239.0,255.0,67.0,172.0
MISSION VIEJO,2018,0.0,0.0,0.0,27.0,27.0,0.0,27.0
MISSION VIEJO,2019,0.0,0.0,0.0,0.0,0.0,0.0,0.0
MISSION VIEJO,2020,0.0,0.0,0.0,42.0,3.0,4.0,38.0
MISSION VIEJO,2021,0.0,0.0,0.0,97.0,32.0,11.0,86.0
MISSION VIEJO,2022,23.0,5.0,0.0,211.0,99.0,22.0,189.0
MISSION VIEJO,2023,40.0,20.0,0.0,178.0,124.0,11.0,167.0
MISSION VIEJO,2024,40.0,12.0,0.0,246.0,215.0,20.0,226.0
MISSION VIEJO,2025,44.0,34.0,0.0,36.0,17.0,31.0,5.0
MODESTO,2018,1756.0,1756.0,0.0,213.0,188.0,93.0,120.0
MODESTO,2019,387.0,387.0,0.0,294.0,20.0,135.0,159.0
MODESTO,2020,1146.0,1130.0,0.0,876.0,257.0,275.0,601.0
MODESTO,2021,1565.0,712.0,0.0,399.0,302.0,290.0,109.0
MODESTO,2022,1385.0,832.0,0.0,712.0,651.0,125.0,587.0
MODESTO,2023,1277.0,1277.0,0.0,603.0,441.0,65.0,538.0
MODESTO,2024,2292.0,1393.0,0.0,431.0,266.0,236.0,195.0
MODESTO,2025,1292.0,538.0,0.0,782.0,367.0,422.0,360.0
MODOC COUNTY,2018,0.0,0.0,0.0,8.0,0.0,5.0,3.0
MODOC COUNTY,2019,0.0,0.0,0.0,5.0,0.0,5.0,0.0
MODOC COUNTY,2020,0.0,0.0,0.0,6.0,0.0,4.0,2.0
MODOC COUNTY,2021,0.0,0.0,0.0,8.0,0.0,7.0,1.0
MODOC COUNTY,2022,0.0,0.0,0.0,4.0,0.0,4.0,0.0
MODOC COUNTY,2023,0.0,0.0,0.0,10.0,0.0,8.0,2.0
MODOC COUNTY,2024,0.0,0.0,0.0,4.0,0.0,4.0,0.0
MODOC COUNTY,2025,11.0,0.0,0.0,11.0,0.0,10.0,1.0
MONO COUNTY,2018,27.0,27.0,0.0,27.0,19.0,20.0,7.0
MONO COUNTY,2019,22.0,22.0,0.0,17.0,0.0,14.0,3.0
MONO COUNTY,2020,9.0,9.0,0.0,12.0,0.0,5.0,7.0
MONO COUNTY,2021,17.0,17.0,0.0,17.0,0.0,10.0,7.0
MONO COUNTY,2022,9.0,8.0,0.0,10.0,1.0,0.0,10.0
MONO COUNTY,2023,22.0,11.0,0.0,24.0,15.0,11.0,13.0
MONO COUNTY,2024,41.0,17.0,0.0,35.0,27.0,31.0,4.0
MONO COUNTY,2025,21.0,10.0,0.0,32.0,16.0,26.0,6.0
MONROVIA,2018,472.0,468.0,0.0,26.0,18.0,0.0,26.0
MONROVIA,2019,1096.0,1091.0,0.0,18.0,272.0,0.0,18.0
MONROVIA,2020,61.0,56.0,0.0,186.0,20.0,13.0,173.0
MONROVIA,2021,67.0,59.0,0.0,79.0,30.0,0.0,79.0
MONROVIA,2022,105.0,98.0,0.0,735.0,189.0,25.0,710.0
MONROVIA,2023,84.0,62.0,0.0,332.0,73.0,0.0,332.0
MONROVIA,2024,76.0,42.0,0.0,78.0,504.0,31.0,47.0
MONROVIA,2025,278.0,274.0,0.0,60.0,48.0,19.0,41.0
MONTAGUE,2020,5.0,1.0,0.0,1.0,0.0,1.0,0.0
MONTAGUE,2021,1.0,1.0,0.0,1.0,0.0,1.0,0.0
MONTAGUE,2023,2.0,2.0,0.0,2.0,0.0,2.0,0.0
MONTAGUE,2024,9.0,9.0,0.0,2.0,2.0,2.0,0.0
MONTAGUE,2025,0.0,0.0,0.0,1.0,2.0,0.0,1.0
MONTCLAIR,2018,9.0,9.0,0.0,221.0,57.0,0.0,221.0
MONTCLAIR,2019,429.0,3.0,0.0,23.0,0.0,0.0,23.0
MONTCLAIR,2020,367.0,366.0,0.0,11.0,0.0,0.0,11.0
MONTCLAIR,2021,460.0,21.0,0.0,48.0,0.0,0.0,48.0
MONTCLAIR,2022,474.0,474.0,0.0,389.0,25.0,0.0,389.0
MONTCLAIR,2023,22.0,0.0,0.0,545.0,29.0,0.0,545.0
MONTCLAIR,2024,22.0,22.0,0.0,3.0,5.0,0.0,3.0
MONTCLAIR,2025,128.0,86.0,0.0,798.0,423.0,0.0,798.0
MONTE SERENO,2018,53.0,53.0,0.0,8.0,5.0,8.0,0.0
MONTE SERENO,2019,29.0,6.0,1.0,26.0,11.0,14.0,12.0
MONTE SERENO,2020,20.0,20.0,0.0,47.0,11.0,9.0,38.0
MONTE SERENO,2021,20.0,20.0,0.0,17.0,31.0,14.0,3.0
MONTE SERENO,2022,8.0,8.0,0.0,26.0,21.0,17.0,9.0
MONTE SERENO,2023,16.0,14.0,0.0,23.0,16.0,12.0,11.0
MONTE SERENO,2024,15.0,0.0,0.0,19.0,16.0,12.0,7.0
MONTE SERENO,2025,7.0,0.0,0.0,17.0,15.0,10.0,7.0
MONTEBELLO,2019,15.0,15.0,0.0,0.0,0.0,0.0,0.0
MONTEBELLO,2020,43.0,12.0,31.0,7.0,6.0,0.0,7.0
MONTEBELLO,2021,169.0,160.0,0.0,15.0,1.0,0.0,15.0
MONTEBELLO,2022,812.0,0.0,0.0,36.0,0.0,0.0,36.0
MONTEBELLO,2023,227.0,185.0,0.0,310.0,40.0,62.0,248.0
MONTEBELLO,2024,413.0,137.0,0.0,75.0,234.0,0.0,75.0
MONTEBELLO,2025,432.0,411.0,0.0,411.0,68.0,0.0,411.0
MONTEREY,2018,41.0,1.0,0.0,4.0,38.0,0.0,4.0
MONTEREY,2019,103.0,103.0,0.0,9.0,9.0,0.0,9.0
MONTEREY,2020,123.0,123.0,0.0,37.0,22.0,2.0,35.0
MONTEREY,2021,217.0,213.0,0.0,43.0,33.0,2.0,41.0
MONTEREY,2022,361.0,326.0,0.0,128.0,61.0,2.0,126.0
MONTEREY,2023,427.0,399.0,0.0,150.0,87.0,2.0,148.0
MONTEREY,2024,506.0,473.0,0.0,201.0,102.0,2.0,199.0
MONTEREY,2025,894.0,587.0,0.0,349.0,198.0,25.0,324.0
MONTEREY COUNTY,2018,80.0,77.0,3.0,234.0,344.0,4.0,230.0
MONTEREY COUNTY,2019,70.0,70.0,0.0,223.0,213.0,8.0,215.0
MONTEREY COUNTY,2020,0.0,0.0,0.0,276.0,184.0,176.0,100.0
MONTEREY COUNTY,2021,99.0,99.0,0.0,95.0,259.0,0.0,95.0
MONTEREY COUNTY,2022,13.0,7.0,0.0,186.0,57.0,65.0,121.0
MONTEREY COUNTY,2023,132.0,119.0,0.0,169.0,143.0,45.0,124.0
MONTEREY COUNTY,2024,327.0,0.0,0.0,165.0,141.0,44.0,121.0
MONTEREY COUNTY,2025,286.0,239.0,0.0,269.0,174.0,29.0,240.0
MONTEREY PARK,2018,22.0,22.0,0.0,1.0,1.0,0.0,1.0
MONTEREY PARK,2019,15.0,15.0,0.0,0.0,0.0,0.0,0.0
MONTEREY PARK,2020,18.0,18.0,0.0,0.0,0.0,0.0,0.0
MONTEREY PARK,2021,264.0,264.0,0.0,179.0,52.0,0.0,179.0
MONTEREY PARK,2022,264.0,264.0,0.0,245.0,245.0,0.0,245.0
MONTEREY PARK,2023,184.0,0.0,0.0,89.0,28.0,4.0,85.0
MONTEREY PARK,2024,618.0,89.0,0.0,227.0,154.0,9.0,218.0
MONTEREY PARK,2025,466.0,82.0,0.0,107.0,37.0,84.0,23.0
MOORPARK,2018,99.0,8.0,0.0,65.0,65.0,29.0,36.0
MOORPARK,2019,85.0,85.0,0.0,16.0,12.0,16.0,0.0
MOORPARK,2020,27.0,17.0,0.0,102.0,7.0,23.0,79.0
MOORPARK,2021,9.0,7.0,0.0,111.0,13.0,33.0,78.0
MOORPARK,2022,26.0,14.0,0.0,113.0,89.0,36.0,77.0
MOORPARK,2023,12.0,4.0,0.0,35.0,9.0,35.0,0.0
MOORPARK,2024,8.0,8.0,0.0,443.0,11.0,371.0,72.0
MOORPARK,2025,11.0,11.0,0.0,27.0,11.0,27.0,0.0
MORAGA,2018,4.0,4.0,0.0,35.0,9.0,1.0,34.0
MORAGA,2019,12.0,12.0,0.0,6.0,19.0,1.0,5.0
MORAGA,2020,4.0,3.0,1.0,14.0,36.0,4.0,10.0
MORAGA,2021,7.0,0.0,0.0,3.0,24.0,2.0,1.0
MORAGA,2022,159.0,0.0,0.0,5.0,3.0,5.0,0.0
MORAGA,2023,5.0,5.0,0.0,6.0,4.0,6.0,0.0
MORAGA,2024,122.0,73.0,0.0,4.0,3.0,4.0,0.0
MORAGA,2025,7.0,7.0,0.0,10.0,4.0,10.0,0.0
MORENO VALLEY,2018,316.0,0.0,0.0,550.0,425.0,135.0,415.0
MORENO VALLEY,2019,1479.0,1017.0,0.0,521.0,522.0,238.0,283.0
MORENO VALLEY,2020,862.0,424.0,0.0,600.0,217.0,386.0,214.0
MORENO VALLEY,2021,2561.0,440.0,0.0,692.0,452.0,249.0,443.0
MORENO VALLEY,2022,2364.0,960.0,0.0,519.0,422.0,207.0,312.0
MORENO VALLEY,2023,16242.0,111.0,0.0,1124.0,319.0,500.0,624.0
MORENO VALLEY,2024,1986.0,14.0,0.0,650.0,650.0,0.0,650.0
MORENO VALLEY,2025,5494.0,53.0,0.0,377.0,706.0,0.0,377.0
MORGAN HILL,2018,250.0,250.0,0.0,519.0,392.0,326.0,193.0
MORGAN HILL,2019,101.0,77.0,0.0,167.0,249.0,25.0,142.0
MORGAN HILL,2020,1222.0,105.0,0.0,44.0,472.0,6.0,38.0
MORGAN HILL,2021,307.0,72.0,0.0,104.0,57.0,22.0,82.0
MORGAN HILL,2022,367.0,122.0,0.0,933.0,56.0,829.0,104.0
MORGAN HILL,2023,65.0,50.0,0.0,134.0,106.0,32.0,102.0
MORGAN HILL,2024,842.0,275.0,0.0,197.0,61.0,23.0,174.0
MORGAN HILL,2025,467.0,467.0,0.0,329.0,35.0,97.0,232.0
MORRO BAY,2018,26.0,24.0,2.0,40.0,2.0,2.0,38.0
MORRO BAY,2019,24.0,24.0,0.0,76.0,27.0,4.0,72.0
MORRO BAY,2020,0.0,0.0,0.0,75.0,57.0,11.0,64.0
MORRO BAY,2021,70.0,28.0,0.0,81.0,4.0,44.0,37.0
MORRO BAY,2022,91.0,90.0,0.0,97.0,7.0,49.0,48.0
MORRO BAY,2023,23.0,6.0,0.0,25.0,14.0,8.0,17.0
MORRO BAY,2024,26.0,25.0,0.0,32.0,59.0,8.0,24.0
MORRO BAY,2025,23.0,0.0,0.0,30.0,25.0,9.0,21.0
MOUNT SHASTA,2018,0.0,0.0,0.0,1.0,1.0,0.0,1.0
MOUNT SHASTA,2019,2.0,2.0,0.0,4.0,4.0,2.0,2.0
MOUNT SHASTA,2020,7.0,0.0,0.0,3.0,3.0,1.0,2.0
MOUNT SHASTA,2021,2.0,0.0,0.0,4.0,2.0,0.0,4.0
MOUNT SHASTA,2022,4.0,4.0,0.0,4.0,4.0,0.0,4.0
MOUNT SHASTA,2023,0.0,0.0,0.0,8.0,8.0,2.0,6.0
MOUNTAIN VIEW,2018,936.0,131.0,0.0,330.0,546.0,10.0,320.0
MOUNTAIN VIEW,2019,1564.0,1564.0,0.0,294.0,352.0,61.0,233.0
MOUNTAIN VIEW,2020,989.0,989.0,0.0,1489.0,1239.0,105.0,1384.0
MOUNTAIN VIEW,2021,1227.0,782.0,0.0,51.0,370.0,0.0,51.0
MOUNTAIN VIEW,2022,2715.0,553.0,0.0,1226.0,602.0,174.0,1052.0
MOUNTAIN VIEW,2023,608.0,262.0,0.0,2354.0,1581.0,436.0,1918.0
MOUNTAIN VIEW,2024,4072.0,1032.0,0.0,301.0,224.0,220.0,81.0
MOUNTAIN VIEW,2025,1685.0,223.0,0.0,388.0,1363.0,78.0,310.0
MURRIETA,2018,436.0,83.0,0.0,245.0,0.0,0.0,245.0
MURRIETA,2019,0.0,0.0,0.0,230.0,483.0,0.0,230.0
MURRIETA,2020,246.0,0.0,0.0,236.0,240.0,0.0,236.0
MURRIETA,2021,200.0,200.0,0.0,161.0,158.0,0.0,161.0
MURRIETA,2022,902.0,0.0,0.0,738.0,65.0,0.0,738.0
MURRIETA,2023,1580.0,1580.0,0.0,938.0,0.0,258.0,680.0
MURRIETA,2024,384.0,0.0,0.0,597.0,561.0,0.0,597.0
MURRIETA,2025,296.0,0.0,0.0,1866.0,462.0,591.0,1275.0
NAPA,2018,104.0,84.0,0.0,591.0,51.0,68.0,523.0
NAPA,2019,132.0,38.0,0.0,160.0,68.0,68.0,92.0
NAPA,2020,351.0,339.0,0.0,139.0,17.0,95.0,44.0
NAPA,2021,128.0,127.0,0.0,211.0,0.0,90.0,121.0
NAPA,2022,150.0,54.0,0.0,468.0,0.0,126.0,342.0
NAPA,2023,236.0,148.0,0.0,141.0,134.0,61.0,80.0
NAPA,2024,167.0,100.0,0.0,185.0,0.0,62.0,123.0
NAPA,2025,68.0,33.0,0.0,164.0,203.0,61.0,103.0
NAPA COUNTY,2018,34.0,15.0,0.0,31.0,3.0,9.0,22.0
NAPA COUNTY,2019,6.0,0.0,6.0,23.0,0.0,6.0,17.0
NAPA COUNTY,2020,19.0,0.0,0.0,18.0,0.0,8.0,10.0
NAPA COUNTY,2021,39.0,17.0,0.0,26.0,29.0,13.0,13.0
NAPA COUNTY,2022,67.0,12.0,0.0,24.0,20.0,13.0,11.0
NAPA COUNTY,2023,33.0,32.0,0.0,38.0,25.0,19.0,19.0
NAPA COUNTY,2024,50.0,0.0,0.0,39.0,38.0,14.0,25.0
NAPA COUNTY,2025,156.0,2.0,0.0,58.0,82.0,21.0,37.0
NATIONAL CITY,2018,60.0,60.0,0.0,60.0,1.0,0.0,60.0
NATIONAL CITY,2019,166.0,166.0,0.0,166.0,1.0,0.0,166.0
NATIONAL CITY,2020,13.0,13.0,0.0,324.0,10.0,138.0,186.0
NATIONAL CITY,2021,35.0,35.0,0.0,83.0,139.0,11.0,72.0
NATIONAL CITY,2022,290.0,162.0,0.0,305.0,53.0,174.0,131.0
NATIONAL CITY,2023,382.0,0.0,0.0,66.0,196.0,49.0,17.0
NATIONAL CITY,2024,341.0,0.0,0.0,204.0,158.0,131.0,73.0
NATIONAL CITY,2025,294.0,0.0,0.0,51.0,234.0,49.0,2.0
NEEDLES,2018,2.0,1.0,1.0,1.0,1.0,0.0,1.0
NEEDLES,2019,5.0,5.0,0.0,2.0,2.0,2.0,0.0
NEEDLES,2020,5.0,5.0,0.0,4.0,1.0,4.0,0.0
NEEDLES,2021,1.0,0.0,0.0,1.0,0.0,0.0,1.0
NEEDLES,2022,79.0,2.0,0.0,2.0,0.0,1.0,1.0
NEEDLES,2023,38.0,6.0,0.0,7.0,1.0,3.0,4.0
NEEDLES,2024,6.0,6.0,0.0,5.0,0.0,3.0,2.0
NEEDLES,2025,1.0,1.0,0.0,1.0,1.0,0.0,1.0
NEVADA CITY,2018,4.0,0.0,4.0,3.0,1.0,2.0,1.0
NEVADA CITY,2019,11.0,0.0,11.0,6.0,2.0,1.0,5.0
NEVADA CITY,2020,136.0,0.0,0.0,8.0,3.0,1.0,7.0
NEVADA CITY,2021,136.0,0.0,0.0,61.0,6.0,50.0,11.0
NEVADA CITY,2022,143.0,7.0,0.0,63.0,56.0,51.0,12.0
NEVADA CITY,2023,10.0,0.0,0.0,15.0,6.0,0.0,15.0
NEVADA CITY,2024,9.0,8.0,0.0,20.0,11.0,3.0,17.0
NEVADA CITY,2025,7.0,7.0,0.0,7.0,0.0,0.0,7.0
NEVADA COUNTY,2018,31.0,31.0,0.0,140.0,0.0,72.0,68.0
NEVADA COUNTY,2019,0.0,0.0,0.0,0.0,102.0,0.0,0.0
NEVADA COUNTY,2020,0.0,0.0,0.0,0.0,138.0,0.0,0.0
NEVADA COUNTY,2021,0.0,0.0,0.0,0.0,131.0,0.0,0.0
NEVADA COUNTY,2022,38.0,38.0,0.0,112.0,108.0,70.0,42.0
NEVADA COUNTY,2023,0.0,0.0,0.0,111.0,112.0,72.0,39.0
NEVADA COUNTY,2024,0.0,0.0,0.0,84.0,98.0,50.0,34.0
NEVADA COUNTY,2025,0.0,0.0,0.0,76.0,132.0,46.0,30.0
NEWARK,2018,159.0,0.0,159.0,460.0,442.0,0.0,460.0
NEWARK,2019,701.0,692.0,9.0,279.0,329.0,0.0,279.0
NEWARK,2020,4.0,4.0,0.0,284.0,8.0,0.0,284.0
NEWARK,2021,402.0,402.0,0.0,411.0,167.0,0.0,411.0
NEWARK,2022,370.0,370.0,0.0,329.0,448.0,124.0,205.0
NEWARK,2023,206.0,206.0,0.0,91.0,210.0,0.0,91.0
NEWARK,2024,162.0,162.0,0.0,205.0,376.0,125.0,80.0
NEWARK,2025,547.0,288.0,0.0,139.0,53.0,30.0,109.0
NEWMAN,2018,51.0,51.0,0.0,51.0,31.0,2.0,49.0
NEWMAN,2019,3.0,0.0,3.0,0.0,0.0,0.0,0.0
NEWMAN,2020,2.0,0.0,0.0,2.0,0.0,2.0,0.0
NEWMAN,2021,7.0,7.0,0.0,4.0,0.0,4.0,0.0
NEWMAN,2022,12.0,12.0,0.0,8.0,0.0,8.0,0.0
NEWMAN,2023,46.0,46.0,0.0,43.0,4.0,43.0,0.0
NEWMAN,2024,21.0,21.0,0.0,19.0,46.0,10.0,9.0
NEWMAN,2025,10.0,10.0,0.0,8.0,8.0,5.0,3.0
NEWPORT BEACH,2018,133.0,123.0,0.0,498.0,4.0,92.0,406.0
NEWPORT BEACH,2019,496.0,0.0,0.0,26.0,262.0,3.0,23.0
NEWPORT BEACH,2020,899.0,11.0,0.0,109.0,9.0,8.0,101.0
NEWPORT BEACH,2021,0.0,0.0,0.0,80.0,30.0,44.0,36.0
NEWPORT BEACH,2022,1735.0,0.0,0.0,41.0,36.0,34.0,7.0
NEWPORT BEACH,2023,816.0,0.0,0.0,43.0,56.0,42.0,1.0
NEWPORT BEACH,2024,2000.0,0.0,0.0,89.0,48.0,56.0,33.0
NEWPORT BEACH,2025,1701.0,0.0,0.0,129.0,57.0,63.0,66.0
NORCO,2019,5.0,5.0,0.0,5.0,2.0,0.0,5.0
NORCO,2020,395.0,0.0,0.0,4.0,0.0,0.0,4.0
NORCO,2022,582.0,24.0,0.0,19.0,12.0,0.0,19.0
NORCO,2023,42.0,19.0,0.0,40.0,17.0,26.0,14.0
NORCO,2024,29.0,29.0,0.0,29.0,29.0,0.0,29.0
NORCO,2025,354.0,1.0,0.0,73.0,73.0,0.0,73.0
NORWALK,2018,54.0,3.0,0.0,38.0,3.0,6.0,32.0
NORWALK,2019,243.0,20.0,223.0,74.0,41.0,32.0,42.0
NORWALK,2020,305.0,40.0,0.0,195.0,62.0,65.0,130.0
NORWALK,2021,402.0,40.0,0.0,345.0,124.0,205.0,140.0
NORWALK,2022,410.0,0.0,0.0,97.0,0.0,97.0,0.0
NORWALK,2023,389.0,212.0,0.0,58.0,1.0,0.0,58.0
NORWALK,2024,286.0,286.0,0.0,482.0,0.0,140.0,342.0
NORWALK,2025,273.0,40.0,0.0,123.0,31.0,18.0,105.0
NOVATO,2018,210.0,107.0,0.0,62.0,7.0,54.0,8.0
NOVATO,2019,178.0,178.0,0.0,124.0,9.0,21.0,103.0
NOVATO,2020,127.0,131.0,0.0,30.0,146.0,18.0,12.0
NOVATO,2021,359.0,94.0,0.0,154.0,38.0,35.0,119.0
NOVATO,2022,59.0,59.0,0.0,88.0,62.0,31.0,57.0
NOVATO,2023,939.0,14.0,0.0,85.0,94.0,73.0,12.0
NOVATO,2024,165.0,7.0,1.0,136.0,213.0,121.0,15.0
NOVATO,2025,4.0,4.0,0.0,125.0,205.0,107.0,18.0
OAKDALE,2018,0.0,0.0,0.0,126.0,38.0,5.0,121.0
OAKDALE,2019,48.0,0.0,48.0,90.0,1.0,57.0,33.0
OAKDALE,2020,0.0,0.0,0.0,95.0,61.0,0.0,95.0
OAKDALE,2021,149.0,149.0,0.0,40.0,71.0,1.0,39.0
OAKDALE,2022,71.0,0.0,0.0,24.0,0.0,0.0,24.0
OAKDALE,2023,118.0,0.0,0.0,45.0,17.0,0.0,45.0
OAKDALE,2024,0.0,0.0,0.0,67.0,45.0,4.0,63.0
OAKDALE,2025,94.0,0.0,0.0,22.0,29.0,0.0,22.0
OAKLAND,2018,4044.0,1456.0,0.0,4617.0,687.0,337.0,4280.0
OAKLAND,2019,1411.0,303.0,0.0,2163.0,865.0,436.0,1727.0
OAKLAND,2020,2589.0,1490.0,0.0,1107.0,3068.0,242.0,865.0
OAKLAND,2021,1776.0,880.0,0.0,1667.0,4135.0,317.0,1350.0
OAKLAND,2022,3128.0,1735.0,0.0,1909.0,3385.0,637.0,1272.0
OAKLAND,2023,2985.0,1282.0,0.0,796.0,1543.0,437.0,359.0
OAKLAND,2024,2665.0,1332.0,0.0,1208.0,2358.0,985.0,223.0
OAKLAND,2025,862.0,810.0,2.0,712.0,1391.0,602.0,110.0
OAKLEY,2018,177.0,23.0,0.0,192.0,237.0,0.0,192.0
OAKLEY,2019,322.0,300.0,0.0,262.0,218.0,0.0,262.0
OAKLEY,2020,389.0,389.0,0.0,467.0,221.0,129.0,338.0
OAKLEY,2021,477.0,477.0,0.0,490.0,436.0,2.0,488.0
OAKLEY,2022,173.0,20.0,0.0,725.0,222.0,177.0,548.0
OAKLEY,2023,730.0,16.0,0.0,98.0,167.0,6.0,92.0
OAKLEY,2024,17.0,11.0,0.0,126.0,281.0,14.0,112.0
OAKLEY,2025,261.0,250.0,0.0,92.0,96.0,9.0,83.0
OCEANSIDE,2018,576.0,458.0,0.0,294.0,586.0,27.0,267.0
OCEANSIDE,2019,1090.0,1090.0,0.0,280.0,348.0,33.0,247.0
OCEANSIDE,2020,399.0,7.0,0.0,184.0,309.0,49.0,135.0
OCEANSIDE,2021,1698.0,1199.0,0.0,563.0,277.0,129.0,434.0
OCEANSIDE,2022,3211.0,260.0,0.0,752.0,243.0,209.0,543.0
OCEANSIDE,2023,2004.0,87.0,0.0,597.0,266.0,287.0,310.0
OCEANSIDE,2024,1996.0,0.0,0.0,601.0,772.0,207.0,394.0
OCEANSIDE,2025,1954.0,0.0,0.0,892.0,505.0,230.0,662.0
OJAI,2018,0.0,0.0,0.0,23.0,15.0,22.0,1.0
OJAI,2019,17.0,17.0,0.0,17.0,13.0,16.0,1.0
OJAI,2020,30.0,29.0,0.0,25.0,22.0,25.0,0.0
OJAI,2021,30.0,0.0,0.0,0.0,0.0,0.0,0.0
OJAI,2022,37.0,0.0,0.0,25.0,16.0,0.0,25.0
OJAI,2023,101.0,36.0,0.0,48.0,48.0,0.0,48.0
OJAI,2024,59.0,0.0,0.0,17.0,29.0,17.0,0.0
OJAI,2025,71.0,0.0,0.0,26.0,20.0,0.0,26.0
ONTARIO,2018,1333.0,502.0,0.0,1313.0,933.0,146.0,1167.0
ONTARIO,2019,2951.0,1857.0,0.0,1552.0,1327.0,100.0,1452.0
ONTARIO,2020,1543.0,652.0,0.0,934.0,1095.0,0.0,934.0
ONTARIO,2021,1184.0,89.0,0.0,1991.0,1240.0,0.0,1991.0
ONTARIO,2022,3142.0,0.0,0.0,1176.0,1200.0,0.0,1176.0
ONTARIO,2023,1581.0,233.0,0.0,2004.0,616.0,50.0,1954.0
ONTARIO,2024,1293.0,0.0,0.0,799.0,1602.0,0.0,799.0
ONTARIO,2025,611.0,0.0,0.0,1930.0,1424.0,0.0,1930.0
ORANGE,2018,916.0,742.0,0.0,29.0,342.0,10.0,19.0
ORANGE,2019,259.0,247.0,0.0,1080.0,27.0,662.0,418.0
ORANGE,2020,192.0,93.0,0.0,40.0,75.0,39.0,1.0
ORANGE,2021,666.0,84.0,0.0,133.0,149.0,131.0,2.0
ORANGE,2022,99.0,81.0,2.0,269.0,1062.0,219.0,50.0
ORANGE,2023,137.0,137.0,0.0,144.0,54.0,143.0,1.0
ORANGE,2024,96.0,96.0,0.0,274.0,212.0,270.0,4.0
ORANGE,2025,49.0,98.0,0.0,171.0,140.0,88.0,83.0
ORANGE COUNTY,2018,322.0,322.0,0.0,606.0,0.0,0.0,606.0
ORANGE COUNTY,2019,8.0,0.0,0.0,273.0,721.0,0.0,273.0
ORANGE COUNTY,2020,71.0,71.0,0.0,185.0,382.0,0.0,185.0
ORANGE COUNTY,2021,0.0,0.0,0.0,0.0,118.0,0.0,0.0
ORANGE COUNTY,2022,7.0,0.0,0.0,298.0,368.0,0.0,298.0
ORANGE COUNTY,2023,72.0,0.0,0.0,648.0,533.0,0.0,648.0
ORANGE COUNTY,2024,12.0,0.0,0.0,483.0,355.0,0.0,483.0
ORANGE COUNTY,2025,433.0,0.0,0.0,393.0,262.0,0.0,393.0
ORANGE COVE,2018,117.0,117.0,0.0,2.0,3.0,2.0,0.0
ORANGE COVE,2019,473.0,0.0,473.0,0.0,0.0,0.0,0.0
ORANGE COVE,2020,218.0,218.0,0.0,80.0,80.0,80.0,0.0
ORANGE COVE,2021,477.0,0.0,0.0,8.0,0.0,0.0,8.0
ORANGE COVE,2022,23.0,3.0,0.0,22.0,5.0,0.0,22.0
ORANGE COVE,2023,8.0,4.0,0.0,8.0,0.0,0.0,8.0
ORANGE COVE,2024,3.0,0.0,0.0,80.0,80.0,80.0,0.0
ORANGE COVE,2025,3.0,3.0,0.0,3.0,0.0,3.0,0.0
ORINDA,2018,55.0,55.0,0.0,55.0,40.0,4.0,51.0
ORINDA,2019,38.0,38.0,0.0,40.0,57.0,7.0,33.0
ORINDA,2020,53.0,53.0,0.0,53.0,43.0,9.0,44.0
ORINDA,2021,56.0,53.0,0.0,56.0,71.0,21.0,35.0
ORINDA,2022,92.0,92.0,0.0,21.0,1.0,15.0,6.0
ORINDA,2023,33.0,32.0,0.0,34.0,26.0,28.0,6.0
ORINDA,2024,48.0,0.0,0.0,0.0,24.0,0.0,0.0
ORINDA,2025,71.0,35.0,0.0,27.0,2.0,18.0,9.0
ORLAND,2018,0.0,0.0,0.0,46.0,15.0,46.0,0.0
ORLAND,2019,0.0,0.0,0.0,25.0,9.0,25.0,0.0
ORLAND,2020,3.0,0.0,0.0,28.0,19.0,28.0,0.0
ORLAND,2021,5.0,0.0,0.0,30.0,19.0,30.0,0.0
ORLAND,2022,145.0,0.0,0.0,0.0,0.0,0.0,0.0
OROVILLE,2018,5.0,5.0,0.0,10.0,5.0,0.0,10.0
OROVILLE,2019,134.0,134.0,0.0,137.0,76.0,81.0,56.0
OROVILLE,2020,369.0,293.0,0.0,52.0,0.0,0.0,52.0
OROVILLE,2021,249.0,12.0,0.0,608.0,0.0,503.0,105.0
OROVILLE,2022,206.0,206.0,1.0,178.0,181.0,173.0,5.0
OROVILLE,2023,230.0,0.0,0.0,114.0,0.0,0.0,114.0
OROVILLE,2024,176.0,0.0,0.0,520.0,447.0,508.0,12.0
OROVILLE,2025,1.0,1.0,0.0,67.0,1.0,61.0,6.0
OXNARD,2018,156.0,148.0,7.0,427.0,165.0,281.0,146.0
OXNARD,2019,73.0,35.0,0.0,137.0,714.0,0.0,137.0
OXNARD,2020,959.0,232.0,0.0,363.0,221.0,53.0,310.0
OXNARD,2021,469.0,469.0,0.0,965.0,360.0,161.0,804.0
OXNARD,2022,334.0,0.0,0.0,292.0,160.0,188.0,104.0
OXNARD,2023,532.0,0.0,0.0,719.0,372.0,275.0,444.0
OXNARD,2024,625.0,283.0,0.0,1369.0,385.0,721.0,648.0
OXNARD,2025,102.0,102.0,0.0,1439.0,731.0,758.0,681.0
PACIFIC GROVE,2018,23.0,23.0,0.0,14.0,3.0,6.0,8.0
PACIFIC GROVE,2019,26.0,26.0,0.0,5.0,5.0,4.0,1.0
PACIFIC GROVE,2020,36.0,0.0,0.0,33.0,8.0,22.0,11.0
PACIFIC GROVE,2021,60.0,0.0,0.0,47.0,6.0,44.0,3.0
PACIFIC GROVE,2022,65.0,0.0,0.0,79.0,39.0,71.0,8.0
PACIFIC GROVE,2023,56.0,22.0,0.0,39.0,31.0,35.0,4.0
PACIFIC GROVE,2024,42.0,41.0,0.0,25.0,5.0,22.0,3.0
PACIFIC GROVE,2025,0.0,0.0,0.0,57.0,27.0,49.0,8.0
PACIFICA,2018,34.0,32.0,1.0,26.0,5.0,0.0,26.0
PACIFICA,2019,98.0,2.0,0.0,27.0,9.0,0.0,27.0
PACIFICA,2020,235.0,2.0,0.0,43.0,24.0,0.0,43.0
PACIFICA,2021,233.0,2.0,0.0,106.0,33.0,24.0,82.0
PACIFICA,2022,56.0,0.0,0.0,160.0,37.0,72.0,88.0
PACIFICA,2023,78.0,78.0,0.0,161.0,70.0,119.0,42.0
PACIFICA,2024,435.0,56.0,0.0,111.0,46.0,72.0,39.0
PACIFICA,2025,40.0,27.0,0.0,44.0,31.0,20.0,24.0
PALM DESERT,2018,1233.0,1233.0,0.0,0.0,49.0,0.0,0.0
PALM DESERT,2019,59.0,0.0,0.0,42.0,25.0,0.0,42.0
PALM DESERT,2020,60.0,60.0,0.0,10.0,27.0,0.0,10.0
PALM DESERT,2021,682.0,946.0,0.0,160.0,64.0,0.0,160.0
PALM DESERT,2022,975.0,975.0,0.0,452.0,203.0,24.0,428.0
PALM DESERT,2023,1015.0,334.0,0.0,1092.0,538.0,670.0,422.0
PALM DESERT,2024,1693.0,851.0,0.0,1537.0,835.0,988.0,549.0
PALM SPRINGS,2019,67.0,6.0,61.0,260.0,44.0,47.0,213.0
PALM SPRINGS,2020,350.0,300.0,0.0,385.0,277.0,57.0,328.0
PALM SPRINGS,2021,369.0,369.0,0.0,705.0,277.0,97.0,608.0
PALM SPRINGS,2022,390.0,383.0,0.0,1153.0,277.0,251.0,902.0
PALM SPRINGS,2023,162.0,5.0,0.0,238.0,0.0,152.0,86.0
PALM SPRINGS,2024,661.0,263.0,0.0,128.0,0.0,45.0,83.0
PALM SPRINGS,2025,37.0,37.0,0.0,202.0,147.0,38.0,164.0
PALMDALE,2018,177.0,176.0,1.0,143.0,150.0,143.0,0.0
PALMDALE,2019,445.0,445.0,0.0,149.0,179.0,149.0,0.0
PALMDALE,2020,1164.0,1164.0,0.0,88.0,3.0,88.0,0.0
PALMDALE,2021,449.0,371.0,0.0,437.0,276.0,437.0,0.0
PALMDALE,2022,1275.0,1220.0,0.0,363.0,221.0,91.0,272.0
PALMDALE,2023,795.0,759.0,0.0,312.0,306.0,212.0,100.0
PALMDALE,2024,846.0,388.0,0.0,151.0,368.0,2.0,149.0
PALMDALE,2025,1645.0,1230.0,0.0,188.0,208.0,7.0,181.0
PALO ALTO,2018,136.0,81.0,0.0,54.0,0.0,0.0,54.0
PALO ALTO,2019,142.0,0.0,0.0,107.0,11.0,2.0,105.0
PALO ALTO,2020,130.0,0.0,0.0,274.0,39.0,60.0,214.0
PALO ALTO,2021,215.0,0.0,0.0,305.0,51.0,60.0,245.0
PALO ALTO,2022,128.0,0.0,0.0,128.0,0.0,1.0,127.0
PALO ALTO,2023,518.0,71.0,0.0,448.0,193.0,168.0,280.0
PALO ALTO,2024,2484.0,181.0,0.0,198.0,162.0,66.0,132.0
PALO ALTO,2025,1117.0,238.0,0.0,174.0,148.0,9.0,165.0
PALOS VERDES ESTATES,2018,52.0,43.0,0.0,30.0,12.0,1.0,29.0
PALOS VERDES ESTATES,2019,20.0,12.0,0.0,10.0,12.0,0.0,10.0
PALOS VERDES ESTATES,2020,25.0,13.0,1.0,9.0,23.0,3.0,6.0
PALOS VERDES ESTATES,2021,12.0,10.0,0.0,7.0,0.0,1.0,6.0
PALOS VERDES ESTATES,2022,16.0,16.0,0.0,16.0,16.0,16.0,0.0
PALOS VERDES ESTATES,2023,17.0,17.0,0.0,18.0,0.0,7.0,11.0
PALOS VERDES ESTATES,2024,69.0,69.0,0.0,7.0,17.0,3.0,4.0
PALOS VERDES ESTATES,2025,61.0,61.0,0.0,26.0,2.0,20.0,6.0
PARADISE,2018,0.0,0.0,0.0,62.0,0.0,62.0,0.0
PARADISE,2019,40.0,31.0,0.0,477.0,29.0,185.0,292.0
PARADISE,2020,849.0,0.0,0.0,946.0,555.0,465.0,481.0
PARADISE,2021,738.0,0.0,0.0,594.0,622.0,195.0,399.0
PARADISE,2022,708.0,0.0,0.0,652.0,678.0,322.0,330.0
PARADISE,2023,443.0,0.0,0.0,499.0,565.0,341.0,158.0
PARADISE,2024,393.0,0.0,0.0,518.0,447.0,373.0,145.0
PARADISE,2025,604.0,650.0,0.0,511.0,572.0,368.0,143.0
PARAMOUNT,2018,13.0,12.0,2.0,43.0,0.0,0.0,43.0
PARAMOUNT,2019,7.0,7.0,0.0,26.0,17.0,0.0,26.0
PARAMOUNT,2020,46.0,9.0,0.0,13.0,11.0,12.0,1.0
PARAMOUNT,2021,79.0,79.0,0.0,48.0,8.0,30.0,18.0
PARAMOUNT,2022,111.0,0.0,0.0,51.0,54.0,32.0,19.0
PARAMOUNT,2023,60.0,61.0,0.0,35.0,33.0,26.0,9.0
PARAMOUNT,2024,103.0,105.0,0.0,85.0,21.0,67.0,18.0
PARAMOUNT,2025,59.0,62.0,0.0,89.0,35.0,44.0,45.0
PARLIER,2018,35.0,35.0,0.0,34.0,35.0,34.0,0.0
PARLIER,2020,23.0,0.0,0.0,2.0,24.0,2.0,0.0
PARLIER,2021,0.0,0.0,0.0,10.0,2.0,10.0,0.0
PARLIER,2022,5.0,0.0,0.0,32.0,5.0,28.0,4.0
PARLIER,2023,9.0,9.0,0.0,29.0,0.0,0.0,29.0
PARLIER,2025,0.0,0.0,0.0,32.0,0.0,2.0,30.0
PASADENA,2018,1090.0,17.0,0.0,536.0,512.0,1.0,535.0
PASADENA,2019,1571.0,1055.0,1.0,262.0,132.0,19.0,243.0
PASADENA,2020,226.0,52.0,0.0,415.0,278.0,141.0,274.0
PASADENA,2021,593.0,194.0,0.0,413.0,87.0,357.0,56.0
PASADENA,2022,621.0,0.0,0.0,268.0,403.0,217.0,51.0
PASADENA,2023,1247.0,376.0,0.0,283.0,1020.0,30.0,253.0
PASADENA,2024,509.0,518.0,0.0,516.0,441.0,69.0,447.0
PASADENA,2025,1106.0,400.0,0.0,698.0,233.0,72.0,626.0
PASO ROBLES,2018,122.0,122.0,0.0,105.0,92.0,92.0,13.0
PASO ROBLES,2019,288.0,288.0,0.0,26.0,179.0,13.0,13.0
PASO ROBLES,2020,60.0,60.0,0.0,41.0,110.0,33.0,8.0
PASO ROBLES,2021,95.0,0.0,0.0,72.0,32.0,43.0,29.0
PASO ROBLES,2022,216.0,216.0,0.0,303.0,74.0,258.0,45.0
PASO ROBLES,2023,320.0,0.0,0.0,208.0,142.0,164.0,44.0
PASO ROBLES,2024,464.0,0.0,0.0,310.0,147.0,131.0,179.0
PASO ROBLES,2025,357.0,0.0,0.0,168.0,284.0,47.0,121.0
PERRIS,2019,103.0,0.0,103.0,0.0,0.0,0.0,0.0
PERRIS,2020,236.0,0.0,0.0,237.0,0.0,1.0,236.0
PERRIS,2021,205.0,205.0,0.0,205.0,205.0,0.0,205.0
PERRIS,2022,244.0,130.0,0.0,171.0,171.0,0.0,171.0
PERRIS,2023,304.0,304.0,0.0,303.0,99.0,2.0,301.0
PERRIS,2024,408.0,137.0,0.0,415.0,153.0,0.0,415.0
PERRIS,2025,768.0,0.0,0.0,394.0,178.0,0.0,394.0
PETALUMA,2018,785.0,64.0,0.0,112.0,107.0,35.0,77.0
PETALUMA,2019,242.0,242.0,0.0,163.0,3.0,46.0,117.0
PETALUMA,2020,1085.0,125.0,0.0,265.0,77.0,78.0,187.0
PETALUMA,2021,117.0,0.0,0.0,347.0,23.0,54.0,293.0
PETALUMA,2022,135.0,0.0,0.0,251.0,124.0,127.0,124.0
PETALUMA,2023,2.0,0.0,0.0,251.0,341.0,75.0,176.0
PETALUMA,2024,399.0,3.0,0.0,27.0,296.0,16.0,11.0
PETALUMA,2025,49.0,0.0,0.0,230.0,100.0,191.0,39.0
PICO RIVERA,2018,28.0,26.0,0.0,13.0,7.0,0.0,13.0
PICO RIVERA,2019,56.0,54.0,2.0,95.0,86.0,95.0,0.0
PICO RIVERA,2020,370.0,0.0,0.0,48.0,0.0,0.0,48.0
PICO RIVERA,2021,150.0,0.0,0.0,53.0,34.0,0.0,53.0
PICO RIVERA,2022,96.0,0.0,0.0,62.0,55.0,0.0,62.0
PICO RIVERA,2023,91.0,0.0,0.0,70.0,40.0,0.0,70.0
PICO RIVERA,2024,216.0,0.0,0.0,109.0,57.0,0.0,109.0
PICO RIVERA,2025,83.0,0.0,0.0,136.0,42.0,0.0,136.0
PIEDMONT,2018,20.0,18.0,2.0,14.0,16.0,6.0,8.0
PIEDMONT,2019,26.0,22.0,3.0,11.0,18.0,8.0,3.0
PIEDMONT,2020,29.0,26.0,1.0,24.0,6.0,19.0,5.0
PIEDMONT,2021,33.0,31.0,1.0,23.0,16.0,15.0,8.0
PIEDMONT,2022,73.0,59.0,3.0,67.0,31.0,46.0,21.0
PIEDMONT,2023,105.0,83.0,0.0,87.0,42.0,65.0,22.0
PIEDMONT,2024,43.0,29.0,0.0,112.0,56.0,87.0,25.0
PINOLE,2018,4.0,4.0,0.0,2.0,2.0,0.0,2.0
PINOLE,2019,8.0,7.0,0.0,7.0,0.0,0.0,7.0
PINOLE,2020,10.0,10.0,0.0,13.0,4.0,0.0,13.0
PINOLE,2021,374.0,220.0,0.0,4.0,2.0,0.0,4.0
PINOLE,2022,35.0,35.0,0.0,187.0,3.0,179.0,8.0
PINOLE,2023,13.0,13.0,0.0,47.0,5.0,34.0,13.0
PINOLE,2024,10.0,10.0,0.0,9.0,10.0,0.0,9.0
PINOLE,2025,11.0,11.0,0.0,260.0,219.0,227.0,33.0
PISMO BEACH,2018,22.0,10.0,12.0,10.0,30.0,0.0,10.0
PISMO BEACH,2019,12.0,4.0,8.0,36.0,0.0,0.0,36.0
PISMO BEACH,2020,94.0,92.0,0.0,23.0,11.0,0.0,23.0
PISMO BEACH,2021,61.0,13.0,0.0,86.0,32.0,55.0,31.0
PISMO BEACH,2022,14.0,0.0,0.0,50.0,15.0,33.0,17.0
PISMO BEACH,2023,32.0,32.0,0.0,15.0,18.0,4.0,11.0
PISMO BEACH,2024,12.0,12.0,0.0,15.0,40.0,4.0,11.0
PISMO BEACH,2025,49.0,49.0,0.0,9.0,20.0,3.0,6.0
PITTSBURG,2018,40.0,10.0,0.0,347.0,27.0,279.0,68.0
PITTSBURG,2019,21.0,1.0,0.0,361.0,330.0,260.0,101.0
PITTSBURG,2020,1381.0,586.0,0.0,208.0,36.0,109.0,99.0
PITTSBURG,2021,0.0,0.0,0.0,217.0,217.0,6.0,211.0
PITTSBURG,2022,308.0,0.0,0.0,115.0,115.0,36.0,79.0
PITTSBURG,2023,0.0,0.0,0.0,148.0,148.0,147.0,1.0
PITTSBURG,2024,1166.0,0.0,0.0,73.0,8.0,58.0,15.0
PLACENTIA,2018,554.0,444.0,0.0,54.0,12.0,51.0,3.0
PLACENTIA,2019,0.0,0.0,0.0,276.0,5.0,54.0,222.0
PLACENTIA,2020,274.0,85.0,0.0,285.0,55.0,57.0,228.0
PLACENTIA,2021,23.0,22.0,1.0,488.0,51.0,12.0,476.0
PLACENTIA,2022,1074.0,968.0,0.0,789.0,244.0,83.0,706.0
PLACENTIA,2023,454.0,134.0,1.0,619.0,103.0,96.0,523.0
PLACENTIA,2024,413.0,260.0,0.0,727.0,626.0,96.0,631.0
PLACENTIA,2025,110.0,0.0,0.0,309.0,257.0,0.0,309.0
PLACER COUNTY,2018,1072.0,782.0,290.0,339.0,282.0,49.0,290.0
PLACER COUNTY,2019,619.0,619.0,0.0,616.0,125.0,65.0,551.0
PLACER COUNTY,2020,503.0,503.0,0.0,1037.0,263.0,245.0,792.0
PLACER COUNTY,2021,707.0,699.0,0.0,1529.0,277.0,287.0,1242.0
PLACER COUNTY,2022,1138.0,1133.0,0.0,856.0,663.0,152.0,704.0
PLACER COUNTY,2023,693.0,391.0,0.0,767.0,913.0,121.0,646.0
PLACER COUNTY,2024,863.0,618.0,0.0,822.0,891.0,153.0,669.0
PLACER COUNTY,2025,888.0,389.0,0.0,552.0,605.0,121.0,431.0
PLACERVILLE,2018,26.0,26.0,0.0,25.0,19.0,7.0,18.0
PLACERVILLE,2019,21.0,21.0,0.0,6.0,22.0,2.0,4.0
PLACERVILLE,2020,6.0,6.0,0.0,6.0,16.0,3.0,3.0
PLACERVILLE,2021,14.0,14.0,0.0,16.0,11.0,9.0,7.0
PLACERVILLE,2022,19.0,19.0,0.0,20.0,10.0,10.0,10.0
PLACERVILLE,2023,11.0,11.0,0.0,20.0,11.0,15.0,5.0
PLACERVILLE,2024,18.0,0.0,0.0,114.0,34.0,72.0,42.0
PLACERVILLE,2025,0.0,0.0,0.0,229.0,56.0,154.0,75.0
PLEASANT HILL,2018,36.0,36.0,0.0,48.0,15.0,9.0,39.0
PLEASANT HILL,2019,65.0,15.0,0.0,84.0,51.0,38.0,46.0
PLEASANT HILL,2020,6.0,6.0,0.0,16.0,32.0,1.0,15.0
PLEASANT HILL,2021,263.0,255.0,0.0,36.0,9.0,20.0,16.0
PLEASANT HILL,2022,2.0,2.0,0.0,77.0,32.0,28.0,49.0
PLEASANT HILL,2023,43.0,43.0,0.0,281.0,37.0,59.0,222.0
PLEASANT HILL,2024,17.0,17.0,0.0,54.0,39.0,26.0,28.0
PLEASANT HILL,2025,14.0,9.0,0.0,231.0,206.0,48.0,183.0
PLEASANTON,2018,34.0,34.0,0.0,98.0,421.0,60.0,38.0
PLEASANTON,2019,20.0,20.0,0.0,127.0,139.0,40.0,87.0
PLEASANTON,2020,18.0,8.0,0.0,45.0,114.0,9.0,36.0
PLEASANTON,2021,55.0,5.0,0.0,41.0,36.0,17.0,24.0
PLEASANTON,2022,474.0,114.0,0.0,73.0,23.0,14.0,59.0
PLEASANTON,2023,902.0,0.0,0.0,18.0,45.0,9.0,9.0
PLEASANTON,2024,54.0,0.0,0.0,147.0,45.0,90.0,57.0
PLEASANTON,2025,54.0,54.0,0.0,463.0,36.0,134.0,329.0
PLUMAS COUNTY,2018,48.0,48.0,0.0,56.0,5.0,15.0,41.0
PLUMAS COUNTY,2019,43.0,43.0,0.0,43.0,3.0,13.0,30.0
PLUMAS COUNTY,2020,45.0,0.0,0.0,45.0,4.0,15.0,30.0
PLUMAS COUNTY,2021,70.0,0.0,0.0,70.0,3.0,43.0,27.0
PLUMAS COUNTY,2022,74.0,0.0,0.0,74.0,4.0,45.0,29.0
PLUMAS COUNTY,2023,90.0,0.0,0.0,90.0,9.0,38.0,52.0
PLUMAS COUNTY,2024,65.0,0.0,0.0,65.0,12.0,36.0,29.0
PLUMAS COUNTY,2025,53.0,54.0,0.0,54.0,7.0,34.0,20.0
PLYMOUTH,2018,0.0,0.0,0.0,19.0,6.0,0.0,19.0
PLYMOUTH,2019,0.0,0.0,0.0,9.0,15.0,0.0,9.0
PLYMOUTH,2020,0.0,0.0,0.0,0.0,10.0,0.0,0.0
PLYMOUTH,2021,0.0,0.0,0.0,6.0,0.0,0.0,6.0
PLYMOUTH,2022,0.0,0.0,0.0,15.0,18.0,0.0,15.0
PLYMOUTH,2023,0.0,0.0,0.0,7.0,0.0,0.0,7.0
PLYMOUTH,2024,0.0,0.0,0.0,0.0,15.0,0.0,0.0
PLYMOUTH,2025,6.0,6.0,0.0,0.0,0.0,0.0,0.0
POINT ARENA,2018,8.0,8.0,0.0,8.0,0.0,0.0,8.0
POINT ARENA,2019,8.0,8.0,0.0,0.0,8.0,0.0,0.0
POINT ARENA,2020,1.0,1.0,0.0,0.0,0.0,0.0,0.0
POINT ARENA,2021,1.0,1.0,0.0,0.0,0.0,0.0,0.0
POINT ARENA,2022,5.0,4.0,0.0,0.0,0.0,0.0,0.0
POINT ARENA,2025,8.0,8.0,0.0,0.0,0.0,0.0,0.0
POMONA,2018,246.0,0.0,246.0,240.0,158.0,0.0,240.0
POMONA,2019,819.0,41.0,0.0,205.0,178.0,61.0,144.0
POMONA,2020,819.0,43.0,0.0,534.0,135.0,3.0,531.0
POMONA,2021,1585.0,0.0,0.0,211.0,227.0,56.0,155.0
POMONA,2023,757.0,0.0,0.0,0.0,0.0,0.0,0.0
PORT HUENEME,2018,4.0,4.0,0.0,1.0,2.0,0.0,1.0
PORT HUENEME,2019,0.0,0.0,0.0,5.0,0.0,0.0,5.0
PORT HUENEME,2020,5.0,5.0,0.0,2.0,1.0,1.0,1.0
PORT HUENEME,2021,9.0,9.0,0.0,9.0,3.0,9.0,0.0
PORT HUENEME,2022,0.0,0.0,0.0,3.0,14.0,3.0,0.0
PORT HUENEME,2023,0.0,0.0,0.0,18.0,3.0,14.0,4.0
PORT HUENEME,2024,0.0,0.0,0.0,16.0,7.0,0.0,16.0
PORT HUENEME,2025,20.0,20.0,0.0,36.0,24.0,0.0,36.0
PORTERVILLE,2018,176.0,0.0,0.0,88.0,64.0,77.0,11.0
PORTERVILLE,2019,349.0,349.0,0.0,82.0,0.0,17.0,65.0
PORTERVILLE,2020,987.0,104.0,0.0,118.0,0.0,50.0,68.0
PORTERVILLE,2021,1268.0,104.0,0.0,233.0,0.0,115.0,118.0
PORTERVILLE,2022,1487.0,242.0,0.0,201.0,32.0,138.0,63.0
PORTERVILLE,2023,549.0,0.0,0.0,259.0,179.0,259.0,0.0
PORTERVILLE,2024,842.0,125.0,0.0,175.0,96.0,168.0,7.0
PORTERVILLE,2025,63.0,2.0,0.0,190.0,131.0,29.0,161.0
PORTOLA,2018,1.0,1.0,0.0,1.0,1.0,0.0,1.0
PORTOLA,2022,0.0,0.0,0.0,2.0,1.0,0.0,2.0
PORTOLA,2025,1.0,1.0,0.0,1.0,0.0,0.0,1.0
PORTOLA VALLEY,2018,12.0,12.0,0.0,8.0,5.0,6.0,2.0
PORTOLA VALLEY,2019,16.0,16.0,0.0,10.0,8.0,6.0,4.0
PORTOLA VALLEY,2020,1.0,0.0,0.0,9.0,10.0,8.0,1.0
PORTOLA VALLEY,2021,23.0,21.0,0.0,16.0,13.0,10.0,6.0
PORTOLA VALLEY,2022,11.0,5.0,0.0,7.0,4.0,5.0,2.0
PORTOLA VALLEY,2023,19.0,11.0,0.0,19.0,5.0,18.0,1.0
PORTOLA VALLEY,2024,17.0,17.0,0.0,16.0,15.0,9.0,7.0
PORTOLA VALLEY,2025,13.0,0.0,0.0,11.0,22.0,10.0,1.0
POWAY,2018,9.0,9.0,0.0,15.0,21.0,0.0,15.0
POWAY,2019,152.0,152.0,0.0,70.0,16.0,53.0,17.0
POWAY,2020,374.0,374.0,0.0,159.0,8.0,122.0,37.0
POWAY,2021,81.0,81.0,0.0,78.0,124.0,26.0,52.0
POWAY,2022,198.0,0.0,0.0,180.0,117.0,24.0,156.0
POWAY,2023,148.0,18.0,0.0,119.0,137.0,31.0,88.0
POWAY,2024,144.0,20.0,0.0,63.0,281.0,0.0,63.0
POWAY,2025,188.0,44.0,0.0,88.0,47.0,36.0,52.0
RANCHO CORDOVA,2018,1156.0,1108.0,0.0,258.0,0.0,107.0,151.0
RANCHO CORDOVA,2019,1290.0,149.0,0.0,466.0,0.0,210.0,256.0
RANCHO CORDOVA,2020,824.0,620.0,0.0,572.0,0.0,320.0,252.0
RANCHO CORDOVA,2021,2399.0,1659.0,0.0,552.0,0.0,235.0,317.0
RANCHO CORDOVA,2022,4153.0,4153.0,0.0,621.0,0.0,15.0,606.0
RANCHO CORDOVA,2023,2141.0,962.0,441.0,828.0,610.0,369.0,459.0
RANCHO CORDOVA,2024,2553.0,125.0,0.0,1171.0,978.0,154.0,1017.0
RANCHO CORDOVA,2025,756.0,785.0,0.0,769.0,610.0,15.0,754.0
RANCHO CUCAMONGA,2018,433.0,298.0,0.0,255.0,27.0,0.0,255.0
RANCHO CUCAMONGA,2019,1196.0,3.0,1193.0,440.0,94.0,140.0,300.0
RANCHO CUCAMONGA,2020,283.0,0.0,0.0,363.0,441.0,0.0,363.0
RANCHO CUCAMONGA,2021,1208.0,36.0,0.0,958.0,415.0,0.0,958.0
RANCHO CUCAMONGA,2022,1943.0,1219.0,0.0,1003.0,365.0,11.0,992.0
RANCHO CUCAMONGA,2023,882.0,412.0,0.0,353.0,648.0,47.0,306.0
RANCHO CUCAMONGA,2024,523.0,266.0,0.0,330.0,642.0,52.0,278.0
RANCHO CUCAMONGA,2025,1284.0,194.0,0.0,611.0,379.0,65.0,546.0
RANCHO MIRAGE,2018,197.0,197.0,0.0,1.0,0.0,1.0,0.0
RANCHO MIRAGE,2019,284.0,284.0,0.0,195.0,193.0,0.0,195.0
RANCHO MIRAGE,2020,155.0,155.0,0.0,203.0,156.0,0.0,203.0
RANCHO MIRAGE,2021,320.0,320.0,0.0,330.0,244.0,0.0,330.0
RANCHO MIRAGE,2022,177.0,174.0,0.0,185.0,74.0,0.0,185.0
RANCHO MIRAGE,2023,98.0,92.0,0.0,104.0,180.0,0.0,104.0
RANCHO MIRAGE,2024,36.0,36.0,0.0,59.0,41.0,0.0,59.0
RANCHO MIRAGE,2025,71.0,71.0,0.0,301.0,41.0,234.0,67.0
RANCHO PALOS VERDES,2018,11.0,2.0,0.0,22.0,7.0,1.0,21.0
RANCHO PALOS VERDES,2019,18.0,6.0,0.0,10.0,15.0,1.0,9.0
RANCHO PALOS VERDES,2020,17.0,15.0,0.0,11.0,8.0,5.0,6.0
RANCHO PALOS VERDES,2021,18.0,0.0,0.0,7.0,13.0,2.0,5.0
RANCHO PALOS VERDES,2022,22.0,0.0,0.0,22.0,3.0,14.0,8.0
RANCHO PALOS VERDES,2023,36.0,27.0,0.0,22.0,15.0,15.0,7.0
RANCHO PALOS VERDES,2024,24.0,19.0,0.0,15.0,13.0,13.0,2.0
RANCHO PALOS VERDES,2025,21.0,15.0,0.0,26.0,17.0,11.0,15.0
RANCHO SANTA MARGARITA,2018,1.0,0.0,0.0,1.0,0.0,0.0,1.0
RANCHO SANTA MARGARITA,2019,0.0,0.0,0.0,1.0,0.0,1.0,0.0
RANCHO SANTA MARGARITA,2020,0.0,0.0,0.0,1.0,0.0,1.0,0.0
RANCHO SANTA MARGARITA,2021,0.0,0.0,0.0,1.0,0.0,1.0,0.0
RANCHO SANTA MARGARITA,2022,1.0,0.0,0.0,1.0,1.0,1.0,0.0
RANCHO SANTA MARGARITA,2023,1.0,0.0,0.0,1.0,1.0,1.0,0.0
RANCHO SANTA MARGARITA,2024,2.0,0.0,0.0,2.0,2.0,2.0,0.0
RANCHO SANTA MARGARITA,2025,6.0,0.0,0.0,6.0,2.0,6.0,0.0
RED BLUFF,2018,0.0,0.0,0.0,5.0,1.0,5.0,0.0
RED BLUFF,2019,4.0,4.0,0.0,4.0,2.0,4.0,0.0
RED BLUFF,2020,6.0,5.0,0.0,6.0,3.0,6.0,0.0
RED BLUFF,2021,4.0,4.0,0.0,2.0,2.0,2.0,0.0
RED BLUFF,2022,5.0,5.0,0.0,4.0,4.0,4.0,0.0
RED BLUFF,2023,9.0,9.0,0.0,15.0,9.0,9.0,6.0
RED BLUFF,2024,4.0,0.0,0.0,9.0,9.0,8.0,1.0
RED BLUFF,2025,18.0,18.0,0.0,48.0,9.0,46.0,2.0
REDDING,2018,82.0,0.0,82.0,198.0,0.0,89.0,109.0
REDDING,2019,821.0,557.0,2.0,549.0,146.0,143.0,406.0
REDDING,2020,309.0,0.0,0.0,201.0,201.0,22.0,179.0
REDDING,2021,163.0,0.0,0.0,250.0,151.0,181.0,69.0
REDDING,2022,38.0,0.0,0.0,337.0,11.0,257.0,80.0
REDDING,2023,164.0,100.0,0.0,374.0,218.0,201.0,173.0
REDDING,2024,238.0,65.0,0.0,304.0,271.0,168.0,136.0
REDDING,2025,529.0,134.0,0.0,201.0,268.0,25.0,176.0
REDLANDS,2018,578.0,0.0,578.0,69.0,91.0,8.0,61.0
REDLANDS,2019,719.0,365.0,354.0,133.0,112.0,11.0,122.0
REDLANDS,2020,544.0,0.0,0.0,83.0,87.0,11.0,72.0
REDLANDS,2021,1316.0,0.0,0.0,373.0,40.0,29.0,344.0
REDLANDS,2022,2260.0,865.0,0.0,213.0,98.0,112.0,101.0
REDLANDS,2023,927.0,287.0,0.0,321.0,0.0,166.0,155.0
REDLANDS,2024,858.0,702.0,0.0,282.0,108.0,153.0,129.0
REDLANDS,2025,290.0,15.0,0.0,114.0,202.0,42.0,72.0
REDONDO BEACH,2018,291.0,291.0,65.0,128.0,111.0,13.0,115.0
REDONDO BEACH,2019,168.0,168.0,0.0,143.0,117.0,16.0,127.0
REDONDO BEACH,2020,114.0,84.0,0.0,75.0,89.0,13.0,62.0
REDONDO BEACH,2021,163.0,163.0,0.0,153.0,86.0,27.0,126.0
REDONDO BEACH,2022,461.0,461.0,0.0,243.0,72.0,23.0,220.0
REDONDO BEACH,2023,169.0,120.0,0.0,157.0,40.0,32.0,125.0
REDONDO BEACH,2024,127.0,127.0,0.0,114.0,9.0,22.0,92.0
REDONDO BEACH,2025,175.0,202.0,0.0,85.0,68.0,23.0,62.0
REDWOOD CITY,2018,393.0,50.0,0.0,406.0,426.0,58.0,348.0
REDWOOD CITY,2019,515.0,35.0,0.0,468.0,258.0,176.0,292.0
REDWOOD CITY,2020,22.0,22.0,0.0,322.0,10.0,299.0,23.0
REDWOOD CITY,2021,21.0,13.0,0.0,82.0,520.0,81.0,1.0
REDWOOD CITY,2022,34.0,130.0,0.0,181.0,37.0,172.0,9.0
REDWOOD CITY,2023,73.0,0.0,0.0,486.0,340.0,70.0,416.0
REDWOOD CITY,2024,81.0,0.0,0.0,188.0,0.0,175.0,13.0
REDWOOD CITY,2025,641.0,342.0,0.0,489.0,69.0,273.0,216.0
REEDLEY,2018,187.0,187.0,0.0,23.0,1.0,22.0,1.0
REEDLEY,2019,126.0,126.0,0.0,12.0,4.0,12.0,0.0
REEDLEY,2020,33.0,32.0,0.0,107.0,39.0,106.0,1.0
REEDLEY,2021,153.0,2.0,0.0,139.0,76.0,2.0,137.0
REEDLEY,2022,284.0,131.0,0.0,82.0,187.0,14.0,68.0
REEDLEY,2023,163.0,163.0,0.0,206.0,109.0,86.0,120.0
REEDLEY,2024,311.0,147.0,0.0,194.0,185.0,104.0,90.0
REEDLEY,2025,178.0,0.0,0.0,22.0,128.0,11.0,11.0
RIALTO,2018,17.0,17.0,0.0,70.0,0.0,0.0,70.0
RIALTO,2019,238.0,94.0,60.0,54.0,50.0,1.0,53.0
RIALTO,2020,219.0,71.0,0.0,161.0,7.0,0.0,161.0
RIALTO,2021,199.0,171.0,0.0,213.0,160.0,0.0,213.0
RIALTO,2022,32.0,32.0,0.0,376.0,125.0,54.0,322.0
RIALTO,2023,175.0,0.0,0.0,0.0,0.0,0.0,0.0
RIALTO,2024,576.0,576.0,0.0,576.0,576.0,0.0,576.0
RIALTO,2025,406.0,0.0,0.0,0.0,485.0,0.0,0.0
RICHMOND,2018,1102.0,398.0,0.0,477.0,11.0,268.0,209.0
RICHMOND,2019,251.0,251.0,0.0,91.0,236.0,0.0,91.0
RICHMOND,2020,6206.0,6203.0,0.0,114.0,96.0,0.0,114.0
RICHMOND,2021,610.0,103.0,0.0,264.0,353.0,165.0,99.0
RICHMOND,2022,503.0,239.0,0.0,109.0,42.0,0.0,109.0
RICHMOND,2023,433.0,115.0,4.0,149.0,78.0,2.0,147.0
RICHMOND,2024,284.0,131.0,3.0,143.0,107.0,46.0,97.0
RICHMOND,2025,316.0,56.0,0.0,291.0,201.0,95.0,196.0
RIDGECREST,2019,1103.0,1103.0,0.0,0.0,62.0,0.0,0.0
RIDGECREST,2020,1275.0,1276.0,0.0,41.0,84.0,0.0,41.0
RIDGECREST,2021,321.0,321.0,0.0,173.0,55.0,119.0,54.0
RIDGECREST,2023,985.0,985.0,0.0,49.0,95.0,43.0,6.0
RIDGECREST,2024,498.0,498.0,0.0,46.0,45.0,37.0,9.0
RIDGECREST,2025,174.0,174.0,0.0,56.0,61.0,49.0,7.0
RIO DELL,2018,1.0,1.0,0.0,1.0,1.0,0.0,1.0
RIO DELL,2019,32.0,32.0,0.0,32.0,0.0,30.0,2.0
RIO DELL,2020,2.0,2.0,0.0,0.0,5.0,0.0,0.0
RIO DELL,2021,8.0,7.0,0.0,6.0,0.0,4.0,2.0
RIO DELL,2022,8.0,7.0,0.0,7.0,0.0,4.0,3.0
RIO DELL,2023,1.0,1.0,0.0,1.0,0.0,1.0,0.0
RIO DELL,2025,6.0,1.0,0.0,1.0,1.0,1.0,0.0
RIO VISTA,2018,12.0,12.0,0.0,9.0,9.0,3.0,6.0
RIO VISTA,2019,216.0,0.0,216.0,216.0,216.0,0.0,216.0
RIO VISTA,2020,310.0,310.0,0.0,41.0,41.0,0.0,41.0
RIO VISTA,2021,0.0,0.0,0.0,38.0,36.0,0.0,38.0
RIO VISTA,2022,0.0,0.0,0.0,145.0,143.0,0.0,145.0
RIO VISTA,2023,0.0,0.0,0.0,43.0,67.0,0.0,43.0
RIO VISTA,2024,0.0,0.0,0.0,127.0,111.0,0.0,127.0
RIO VISTA,2025,0.0,0.0,0.0,49.0,105.0,0.0,49.0
RIPON,2018,181.0,88.0,93.0,138.0,43.0,0.0,138.0
RIPON,2019,47.0,47.0,0.0,71.0,83.0,0.0,71.0
RIPON,2020,0.0,0.0,0.0,10.0,50.0,0.0,10.0
RIPON,2021,7.0,7.0,0.0,24.0,12.0,0.0,24.0
RIPON,2022,18.0,18.0,0.0,12.0,2.0,0.0,12.0
RIPON,2023,29.0,29.0,0.0,7.0,8.0,0.0,7.0
RIPON,2024,8.0,7.0,1.0,9.0,6.0,0.0,9.0
RIPON,2025,11.0,11.0,0.0,110.0,96.0,0.0,110.0
RIVERBANK,2018,217.0,0.0,217.0,41.0,0.0,0.0,41.0
RIVERBANK,2019,2809.0,2792.0,0.0,18.0,0.0,0.0,18.0
RIVERBANK,2020,10.0,4.0,0.0,25.0,16.0,0.0,25.0
RIVERBANK,2021,437.0,437.0,0.0,47.0,32.0,0.0,47.0
RIVERBANK,2022,144.0,0.0,0.0,98.0,9.0,0.0,98.0
RIVERBANK,2023,242.0,202.0,0.0,140.0,109.0,5.0,135.0
RIVERBANK,2024,148.0,69.0,0.0,202.0,228.0,8.0,194.0
RIVERBANK,2025,31.0,31.0,0.0,88.0,110.0,0.0,88.0
RIVERSIDE,2018,1933.0,811.0,0.0,605.0,144.0,4.0,601.0
RIVERSIDE,2019,2049.0,1029.0,2049.0,623.0,57.0,25.0,598.0
RIVERSIDE,2020,431.0,431.0,0.0,393.0,36.0,63.0,330.0
RIVERSIDE,2021,0.0,0.0,0.0,738.0,639.0,260.0,478.0
RIVERSIDE,2022,2356.0,457.0,0.0,584.0,241.0,226.0,358.0
RIVERSIDE,2023,0.0,0.0,0.0,1099.0,949.0,32.0,1067.0
RIVERSIDE,2024,1020.0,1020.0,0.0,897.0,602.0,0.0,897.0
RIVERSIDE,2025,345.0,202.0,0.0,415.0,575.0,22.0,393.0
RIVERSIDE COUNTY,2018,5693.0,0.0,0.0,2307.0,1670.0,57.0,2250.0
RIVERSIDE COUNTY,2019,4682.0,3645.0,1037.0,2033.0,2069.0,268.0,1765.0
RIVERSIDE COUNTY,2020,1334.0,1334.0,0.0,1280.0,2105.0,98.0,1182.0
RIVERSIDE COUNTY,2021,3019.0,3019.0,0.0,1868.0,2210.0,0.0,1868.0
RIVERSIDE COUNTY,2022,993.0,0.0,0.0,1174.0,1766.0,347.0,827.0
RIVERSIDE COUNTY,2023,2060.0,0.0,0.0,1222.0,2405.0,113.0,1109.0
RIVERSIDE COUNTY,2024,7116.0,0.0,0.0,3474.0,3495.0,1.0,3473.0
RIVERSIDE COUNTY,2025,3163.0,0.0,0.0,1955.0,816.0,0.0,1955.0
ROCKLIN,2018,86.0,82.0,4.0,585.0,368.0,45.0,540.0
ROCKLIN,2019,911.0,0.0,911.0,439.0,174.0,84.0,355.0
ROCKLIN,2020,259.0,155.0,0.0,423.0,304.0,157.0,266.0
ROCKLIN,2021,290.0,288.0,2.0,519.0,431.0,17.0,502.0
ROCKLIN,2022,993.0,950.0,0.0,559.0,299.0,320.0,239.0
ROCKLIN,2023,710.0,0.0,0.0,185.0,408.0,0.0,185.0
ROCKLIN,2024,358.0,0.0,0.0,256.0,617.0,0.0,256.0
ROCKLIN,2025,329.0,170.0,0.0,303.0,264.0,109.0,194.0
ROHNERT PARK,2018,680.0,680.0,0.0,630.0,250.0,222.0,408.0
ROHNERT PARK,2019,0.0,0.0,0.0,313.0,208.0,7.0,306.0
ROHNERT PARK,2020,0.0,0.0,0.0,232.0,320.0,56.0,176.0
ROHNERT PARK,2021,0.0,0.0,0.0,233.0,379.0,7.0,226.0
ROHNERT PARK,2022,0.0,0.0,0.0,314.0,204.0,82.0,232.0
ROHNERT PARK,2023,95.0,28.0,0.0,85.0,271.0,9.0,76.0
ROHNERT PARK,2024,10.0,10.0,0.0,154.0,174.0,9.0,145.0
ROHNERT PARK,2025,76.0,4.0,0.0,40.0,108.0,7.0,33.0
ROLLING HILLS,2019,0.0,0.0,0.0,0.0,0.0,0.0,0.0
ROLLING HILLS,2020,3.0,0.0,3.0,2.0,0.0,1.0,1.0
ROLLING HILLS,2021,9.0,9.0,0.0,2.0,0.0,1.0,1.0
ROLLING HILLS,2022,6.0,0.0,0.0,1.0,1.0,0.0,1.0
ROLLING HILLS,2023,5.0,1.0,0.0,5.0,1.0,2.0,3.0
ROLLING HILLS,2024,1.0,0.0,0.0,4.0,0.0,0.0,4.0
ROLLING HILLS,2025,7.0,4.0,0.0,1.0,0.0,0.0,1.0
ROLLING HILLS ESTATES,2018,8.0,8.0,0.0,276.0,6.0,0.0,276.0
ROLLING HILLS ESTATES,2019,2.0,2.0,0.0,105.0,88.0,1.0,104.0
ROLLING HILLS ESTATES,2020,8.0,8.0,0.0,149.0,119.0,0.0,149.0
ROLLING HILLS ESTATES,2021,15.0,15.0,0.0,26.0,37.0,2.0,24.0
ROLLING HILLS ESTATES,2022,17.0,15.0,0.0,8.0,21.0,6.0,2.0
ROLLING HILLS ESTATES,2023,96.0,6.0,0.0,7.0,5.0,6.0,1.0
ROLLING HILLS ESTATES,2024,459.0,5.0,0.0,13.0,6.0,6.0,7.0
ROLLING HILLS ESTATES,2025,7.0,7.0,0.0,5.0,80.0,3.0,2.0
ROSEMEAD,2018,84.0,84.0,0.0,142.0,67.0,60.0,82.0
ROSEMEAD,2019,165.0,0.0,0.0,66.0,98.0,0.0,66.0
ROSEMEAD,2020,138.0,138.0,0.0,59.0,63.0,0.0,59.0
ROSEMEAD,2021,503.0,502.0,0.0,150.0,73.0,0.0,150.0
ROSEMEAD,2022,120.0,39.0,0.0,202.0,143.0,7.0,195.0
ROSEMEAD,2023,160.0,154.0,0.0,182.0,104.0,4.0,178.0
ROSEMEAD,2024,372.0,166.0,0.0,115.0,112.0,0.0,115.0
ROSEMEAD,2025,160.0,0.0,0.0,178.0,120.0,0.0,178.0
ROSEVILLE,2018,646.0,646.0,0.0,808.0,239.0,336.0,472.0
ROSEVILLE,2019,1061.0,1061.0,0.0,1042.0,1062.0,542.0,500.0
ROSEVILLE,2020,618.0,618.0,0.0,1627.0,1026.0,275.0,1352.0
ROSEVILLE,2021,2771.0,0.0,0.0,1884.0,1891.0,791.0,1093.0
ROSEVILLE,2022,2238.0,788.0,0.0,1837.0,1763.0,784.0,1053.0
ROSEVILLE,2023,1801.0,1494.0,0.0,1911.0,1354.0,970.0,941.0
ROSEVILLE,2024,363.0,363.0,0.0,1594.0,1298.0,1017.0,577.0
ROSEVILLE,2025,1490.0,845.0,0.0,1434.0,2058.0,861.0,573.0
ROSS,2018,1.0,1.0,0.0,1.0,1.0,1.0,0.0
ROSS,2019,12.0,10.0,0.0,11.0,6.0,9.0,2.0
ROSS,2020,17.0,12.0,0.0,13.0,9.0,11.0,2.0
ROSS,2021,18.0,13.0,0.0,16.0,9.0,14.0,2.0
ROSS,2022,39.0,19.0,0.0,23.0,15.0,14.0,9.0
ROSS,2023,14.0,14.0,0.0,4.0,3.0,4.0,0.0
ROSS,2024,11.0,0.0,0.0,23.0,8.0,19.0,4.0
ROSS,2025,14.0,0.0,0.0,21.0,13.0,18.0,3.0
SACRAMENTO,2018,5773.0,3335.0,0.0,2378.0,2538.0,484.0,1894.0
SACRAMENTO,2019,3248.0,1439.0,0.0,3076.0,2032.0,2030.0,1046.0
SACRAMENTO,2020,3643.0,2228.0,151.0,3764.0,458.0,2617.0,1147.0
SACRAMENTO,2021,7271.0,2876.0,0.0,3496.0,2208.0,2115.0,1381.0
SACRAMENTO,2022,5168.0,5168.0,0.0,5776.0,3044.0,4166.0,1610.0
SACRAMENTO,2023,4276.0,0.0,0.0,3013.0,3472.0,2378.0,635.0
SACRAMENTO,2024,3216.0,46.0,0.0,4643.0,3714.0,3343.0,1300.0
SACRAMENTO,2025,3023.0,0.0,0.0,2737.0,2774.0,1995.0,742.0
SACRAMENTO COUNTY,2018,1738.0,763.0,0.0,1004.0,564.0,364.0,640.0
SACRAMENTO COUNTY,2019,1824.0,509.0,0.0,620.0,504.0,325.0,295.0
SACRAMENTO COUNTY,2020,2886.0,331.0,0.0,772.0,627.0,439.0,333.0
SACRAMENTO COUNTY,2021,940.0,0.0,0.0,1026.0,290.0,641.0,385.0
SACRAMENTO COUNTY,2022,1536.0,0.0,0.0,1130.0,616.0,374.0,756.0
SACRAMENTO COUNTY,2023,2696.0,314.0,0.0,855.0,553.0,281.0,574.0
SACRAMENTO COUNTY,2024,4284.0,2507.0,0.0,1218.0,711.0,527.0,691.0
SACRAMENTO COUNTY,2025,2259.0,1664.0,0.0,1176.0,847.0,377.0,799.0
SAINT HELENA,2018,7.0,1.0,0.0,10.0,4.0,0.0,10.0
SAINT HELENA,2019,0.0,0.0,0.0,12.0,13.0,8.0,4.0
SAINT HELENA,2020,10.0,7.0,0.0,17.0,8.0,0.0,17.0
SAINT HELENA,2021,2.0,0.0,0.0,19.0,0.0,0.0,19.0
SAINT HELENA,2022,9.0,0.0,0.0,17.0,0.0,0.0,17.0
SAINT HELENA,2023,24.0,0.0,0.0,9.0,4.0,0.0,9.0
SAINT HELENA,2024,66.0,25.0,0.0,15.0,7.0,3.0,12.0
SAINT HELENA,2025,91.0,91.0,0.0,25.0,17.0,20.0,5.0
SALINAS,2018,9.0,9.0,0.0,166.0,54.0,95.0,71.0
SALINAS,2019,303.0,303.0,0.0,108.0,141.0,8.0,100.0
SALINAS,2020,2.0,2.0,0.0,210.0,171.0,0.0,210.0
SALINAS,2021,2051.0,123.0,0.0,278.0,103.0,89.0,189.0
SALINAS,2022,354.0,51.0,0.0,139.0,232.0,0.0,139.0
SALINAS,2023,84.0,45.0,0.0,247.0,224.0,6.0,241.0
SALINAS,2024,931.0,0.0,0.0,221.0,115.0,0.0,221.0
SALINAS,2025,51.0,50.0,1.0,221.0,191.0,0.0,221.0
SAN ANSELMO,2018,12.0,12.0,0.0,37.0,5.0,12.0,25.0
SAN ANSELMO,2019,9.0,9.0,0.0,10.0,5.0,7.0,3.0
SAN ANSELMO,2020,18.0,18.0,0.0,12.0,10.0,11.0,1.0
SAN ANSELMO,2021,58.0,9.0,0.0,43.0,14.0,38.0,5.0
SAN ANSELMO,2022,51.0,0.0,0.0,28.0,5.0,28.0,0.0
SAN ANSELMO,2023,49.0,2.0,0.0,23.0,23.0,21.0,2.0
SAN ANSELMO,2024,77.0,9.0,32.0,20.0,27.0,15.0,5.0
SAN ANSELMO,2025,73.0,19.0,0.0,19.0,14.0,15.0,4.0
SAN BENITO COUNTY,2018,0.0,0.0,0.0,178.0,117.0,1.0,177.0
SAN BENITO COUNTY,2019,157.0,157.0,0.0,213.0,155.0,0.0,213.0
SAN BENITO COUNTY,2020,204.0,0.0,0.0,0.0,211.0,0.0,0.0
SAN BENITO COUNTY,2021,137.0,0.0,0.0,120.0,168.0,12.0,108.0
SAN BENITO COUNTY,2022,141.0,0.0,0.0,216.0,62.0,12.0,204.0
SAN BENITO COUNTY,2023,0.0,0.0,0.0,318.0,164.0,24.0,294.0
SAN BENITO COUNTY,2024,3244.0,2728.0,0.0,273.0,140.0,22.0,251.0
SAN BENITO COUNTY,2025,2510.0,0.0,0.0,278.0,226.0,61.0,217.0
SAN BERNARDINO,2020,66.0,66.0,0.0,50.0,2.0,25.0,25.0
SAN BERNARDINO,2021,373.0,322.0,0.0,260.0,25.0,80.0,180.0
SAN BERNARDINO,2022,517.0,517.0,0.0,253.0,447.0,195.0,58.0
SAN BERNARDINO,2023,562.0,592.0,0.0,432.0,99.0,250.0,182.0
SAN BERNARDINO,2024,271.0,271.0,0.0,268.0,205.0,151.0,117.0
SAN BERNARDINO,2025,611.0,0.0,0.0,402.0,178.0,358.0,44.0
SAN BERNARDINO COUNTY,2018,717.0,0.0,0.0,307.0,182.0,60.0,247.0
SAN BERNARDINO COUNTY,2019,1250.0,968.0,1.0,632.0,339.0,166.0,466.0
SAN BERNARDINO COUNTY,2020,909.0,0.0,0.0,1210.0,666.0,581.0,629.0
SAN BERNARDINO COUNTY,2021,765.0,0.0,0.0,659.0,584.0,418.0,241.0
SAN BERNARDINO COUNTY,2022,1200.0,1200.0,0.0,819.0,360.0,462.0,357.0
SAN BERNARDINO COUNTY,2023,1271.0,286.0,0.0,1070.0,641.0,290.0,780.0
SAN BERNARDINO COUNTY,2024,589.0,0.0,0.0,595.0,0.0,155.0,440.0
SAN BERNARDINO COUNTY,2025,1230.0,515.0,0.0,440.0,790.0,213.0,227.0
SAN BRUNO,2018,25.0,16.0,0.0,6.0,1.0,6.0,0.0
SAN BRUNO,2019,12.0,12.0,0.0,135.0,88.0,50.0,85.0
SAN BRUNO,2020,55.0,55.0,0.0,48.0,25.0,9.0,39.0
SAN BRUNO,2021,282.0,0.0,134.0,83.0,37.0,65.0,18.0
SAN BRUNO,2022,727.0,185.0,0.0,47.0,57.0,42.0,5.0
SAN BRUNO,2023,112.0,34.0,0.0,166.0,9.0,161.0,5.0
SAN BRUNO,2024,158.0,74.0,0.0,28.0,14.0,25.0,3.0
SAN BRUNO,2025,1380.0,0.0,0.0,784.0,344.0,754.0,30.0
SAN CARLOS,2018,135.0,26.0,0.0,32.0,5.0,0.0,32.0
SAN CARLOS,2019,93.0,86.0,0.0,55.0,4.0,3.0,52.0
SAN CARLOS,2020,87.0,58.0,0.0,66.0,18.0,23.0,43.0
SAN CARLOS,2021,54.0,54.0,0.0,67.0,23.0,1.0,66.0
SAN CARLOS,2022,85.0,55.0,0.0,38.0,5.0,0.0,38.0
SAN CARLOS,2023,107.0,107.0,0.0,32.0,27.0,0.0,32.0
SAN CARLOS,2024,23.0,11.0,0.0,38.0,49.0,0.0,38.0
SAN CARLOS,2025,198.0,22.0,0.0,82.0,41.0,62.0,20.0
SAN CLEMENTE,2018,120.0,95.0,0.0,113.0,139.0,12.0,101.0
SAN CLEMENTE,2019,72.0,64.0,0.0,46.0,95.0,13.0,33.0
SAN CLEMENTE,2020,195.0,162.0,0.0,23.0,56.0,14.0,9.0
SAN CLEMENTE,2021,50.0,4.0,0.0,181.0,23.0,17.0,164.0
SAN CLEMENTE,2022,358.0,358.0,0.0,35.0,29.0,28.0,7.0
SAN CLEMENTE,2023,60.0,26.0,0.0,35.0,186.0,25.0,10.0
SAN CLEMENTE,2024,107.0,21.0,0.0,57.0,35.0,36.0,21.0
SAN CLEMENTE,2025,77.0,26.0,0.0,47.0,43.0,2.0,45.0
SAN DIEGO,2018,8061.0,2742.0,0.0,3895.0,0.0,458.0,3437.0
SAN DIEGO,2019,5945.0,1463.0,0.0,5221.0,0.0,940.0,4281.0
SAN DIEGO,2020,3398.0,1535.0,0.0,6482.0,0.0,1708.0,4774.0
SAN DIEGO,2021,4324.0,1298.0,0.0,5032.0,3812.0,470.0,4562.0
SAN DIEGO,2022,11891.0,11891.0,0.0,5396.0,4775.0,674.0,4722.0
SAN DIEGO,2023,12218.0,12218.0,0.0,9697.0,4051.0,2576.0,7121.0
SAN DIEGO,2024,7483.0,1222.0,0.0,8791.0,5095.0,1070.0,7721.0
SAN DIEGO,2025,5560.0,1339.0,0.0,7630.0,449.0,2050.0,5580.0
SAN DIEGO COUNTY,2018,7183.0,7183.0,0.0,728.0,418.0,329.0,399.0
SAN DIEGO COUNTY,2019,3171.0,3171.0,0.0,862.0,0.0,317.0,545.0
SAN DIEGO COUNTY,2020,2868.0,2868.0,0.0,623.0,0.0,308.0,315.0
SAN DIEGO COUNTY,2021,221.0,221.0,0.0,1425.0,1064.0,762.0,663.0
SAN DIEGO COUNTY,2022,158.0,158.0,0.0,1511.0,1287.0,548.0,963.0
SAN DIEGO COUNTY,2023,65.0,65.0,0.0,1220.0,1260.0,493.0,727.0
SAN DIEGO COUNTY,2024,2275.0,231.0,4.0,1088.0,954.0,658.0,430.0
SAN DIEGO COUNTY,2025,1465.0,228.0,0.0,932.0,943.0,335.0,597.0
SAN DIMAS,2018,49.0,42.0,1.0,2.0,7.0,1.0,1.0
SAN DIMAS,2019,14.0,7.0,7.0,19.0,7.0,0.0,19.0
SAN DIMAS,2020,20.0,20.0,0.0,28.0,33.0,11.0,17.0
SAN DIMAS,2021,37.0,37.0,0.0,23.0,16.0,1.0,22.0
SAN DIMAS,2022,66.0,66.0,0.0,39.0,13.0,0.0,39.0
SAN DIMAS,2023,64.0,57.0,0.0,32.0,27.0,0.0,32.0
SAN DIMAS,2024,42.0,42.0,0.0,38.0,35.0,0.0,38.0
SAN DIMAS,2025,516.0,506.0,0.0,44.0,26.0,0.0,44.0
SAN FERNANDO,2018,89.0,89.0,0.0,96.0,18.0,94.0,2.0
SAN FERNANDO,2019,65.0,65.0,0.0,66.0,27.0,62.0,4.0
SAN FERNANDO,2020,95.0,95.0,0.0,99.0,31.0,81.0,18.0
SAN FERNANDO,2021,107.0,0.0,0.0,52.0,21.0,42.0,10.0
SAN FERNANDO,2022,66.0,66.0,0.0,57.0,19.0,46.0,11.0
SAN FERNANDO,2023,100.0,75.0,0.0,49.0,39.0,45.0,4.0
SAN FERNANDO,2024,85.0,58.0,12.0,96.0,53.0,60.0,36.0
SAN FERNANDO,2025,88.0,87.0,0.0,62.0,21.0,54.0,8.0
SAN FRANCISCO,2018,5757.0,5751.0,0.0,4678.0,4034.0,1393.0,3285.0
SAN FRANCISCO,2019,3405.0,3349.0,0.0,4732.0,4475.0,1515.0,3217.0
SAN FRANCISCO,2020,2737.0,2734.0,0.0,3159.0,5488.0,1450.0,1709.0
SAN FRANCISCO,2021,7836.0,7817.0,0.0,2221.0,5600.0,1133.0,1088.0
SAN FRANCISCO,2022,3524.0,3468.0,0.0,2852.0,2910.0,1276.0,1576.0
SAN FRANCISCO,2023,1801.0,379.0,0.0,3055.0,2618.0,1305.0,1750.0
SAN FRANCISCO,2024,4220.0,4199.0,0.0,1072.0,1735.0,961.0,111.0
SAN FRANCISCO,2025,9462.0,9881.0,0.0,1959.0,2696.0,1616.0,343.0
SAN GABRIEL,2018,28.0,28.0,0.0,22.0,2.0,10.0,12.0
SAN GABRIEL,2019,59.0,59.0,0.0,34.0,0.0,21.0,13.0
SAN GABRIEL,2020,146.0,146.0,0.0,56.0,0.0,15.0,41.0
SAN GABRIEL,2021,167.0,132.0,0.0,62.0,0.0,49.0,13.0
SAN GABRIEL,2022,160.0,152.0,0.0,82.0,0.0,59.0,23.0
SAN GABRIEL,2023,163.0,163.0,0.0,69.0,0.0,64.0,5.0
SAN GABRIEL,2024,101.0,0.0,0.0,413.0,189.0,114.0,299.0
SAN GABRIEL,2025,106.0,70.0,0.0,68.0,9.0,51.0,17.0
SAN JACINTO,2018,250.0,208.0,0.0,270.0,240.0,270.0,0.0
SAN JACINTO,2019,168.0,168.0,0.0,211.0,138.0,211.0,0.0
SAN JACINTO,2020,0.0,0.0,0.0,215.0,160.0,193.0,22.0
SAN JACINTO,2021,373.0,374.0,0.0,252.0,176.0,2.0,250.0
SAN JACINTO,2022,3012.0,323.0,0.0,330.0,100.0,2.0,328.0
SAN JACINTO,2023,894.0,177.0,0.0,360.0,278.0,5.0,355.0
SAN JACINTO,2024,500.0,486.0,0.0,347.0,174.0,14.0,333.0
SAN JACINTO,2025,86.0,76.0,0.0,438.0,266.0,18.0,420.0
SAN JOAQUIN,2020,23.0,0.0,0.0,6.0,0.0,0.0,6.0
SAN JOAQUIN,2021,13.0,0.0,0.0,13.0,0.0,13.0,0.0
SAN JOAQUIN COUNTY,2018,1283.0,1283.0,0.0,926.0,506.0,331.0,595.0
SAN JOAQUIN COUNTY,2019,1427.0,1364.0,63.0,1234.0,1234.0,551.0,683.0
SAN JOAQUIN COUNTY,2020,413.0,413.0,0.0,238.0,238.0,170.0,68.0
SAN JOAQUIN COUNTY,2021,236.0,236.0,0.0,710.0,231.0,46.0,664.0
SAN JOAQUIN COUNTY,2022,772.0,369.0,0.0,428.0,605.0,0.0,428.0
SAN JOAQUIN COUNTY,2023,79.0,49.0,0.0,327.0,236.0,0.0,327.0
SAN JOAQUIN COUNTY,2024,1297.0,1197.0,0.0,1328.0,0.0,0.0,1328.0
SAN JOAQUIN COUNTY,2025,354.0,0.0,0.0,460.0,8.0,0.0,460.0
SAN JOSE,2018,5559.0,0.0,0.0,2973.0,827.0,1446.0,1527.0
SAN JOSE,2019,10203.0,0.0,10203.0,2425.0,627.0,853.0,1572.0
SAN JOSE,2020,7801.0,1205.0,0.0,1380.0,1222.0,663.0,717.0
SAN JOSE,2021,5909.0,0.0,0.0,1671.0,1213.0,728.0,943.0
SAN JOSE,2022,4356.0,19.0,0.0,1792.0,1710.0,464.0,1328.0
SAN JOSE,2023,5856.0,96.0,0.0,3104.0,1316.0,1830.0,1274.0
SAN JOSE,2024,7557.0,627.0,0.0,2299.0,1586.0,2104.0,195.0
SAN JOSE,2025,4157.0,1165.0,0.0,2629.0,2192.0,2379.0,250.0
SAN JUAN BAUTISTA,2020,2.0,2.0,0.0,0.0,0.0,0.0,0.0
SAN JUAN BAUTISTA,2021,4.0,4.0,0.0,4.0,0.0,0.0,4.0
SAN JUAN BAUTISTA,2022,4.0,4.0,0.0,4.0,0.0,0.0,4.0
SAN JUAN BAUTISTA,2023,3.0,3.0,0.0,5.0,0.0,3.0,2.0
SAN JUAN BAUTISTA,2024,5.0,5.0,0.0,5.0,5.0,5.0,0.0
SAN JUAN BAUTISTA,2025,7.0,4.0,0.0,3.0,3.0,0.0,3.0
SAN JUAN CAPISTRANO,2018,105.0,105.0,0.0,88.0,59.0,24.0,64.0
SAN JUAN CAPISTRANO,2019,432.0,75.0,357.0,85.0,60.0,3.0,82.0
SAN JUAN CAPISTRANO,2020,345.0,169.0,172.0,161.0,51.0,80.0,81.0
SAN JUAN CAPISTRANO,2021,294.0,50.0,149.0,34.0,77.0,10.0,24.0
SAN JUAN CAPISTRANO,2022,0.0,0.0,0.0,174.0,147.0,15.0,159.0
SAN JUAN CAPISTRANO,2023,0.0,0.0,0.0,202.0,193.0,71.0,131.0
SAN JUAN CAPISTRANO,2024,290.0,290.0,0.0,37.0,59.0,20.0,17.0
SAN JUAN CAPISTRANO,2025,0.0,0.0,0.0,21.0,31.0,16.0,5.0
SAN LEANDRO,2018,1006.0,700.0,0.0,7.0,0.0,0.0,7.0
SAN LEANDRO,2019,977.0,700.0,0.0,33.0,115.0,0.0,33.0
SAN LEANDRO,2020,223.0,223.0,0.0,88.0,85.0,62.0,26.0
SAN LEANDRO,2021,501.0,0.0,0.0,53.0,0.0,0.0,53.0
SAN LEANDRO,2022,480.0,280.0,0.0,276.0,62.0,16.0,260.0
SAN LEANDRO,2023,85.0,22.0,0.0,62.0,73.0,54.0,8.0
SAN LEANDRO,2024,91.0,24.0,0.0,63.0,41.0,42.0,21.0
SAN LEANDRO,2025,76.0,19.0,0.0,52.0,259.0,45.0,7.0
SAN LUIS OBISPO,2018,493.0,488.0,2.0,294.0,156.0,74.0,220.0
SAN LUIS OBISPO,2019,1138.0,1138.0,0.0,537.0,254.0,14.0,523.0
SAN LUIS OBISPO,2020,748.0,0.0,0.0,465.0,322.0,50.0,415.0
SAN LUIS OBISPO,2021,546.0,527.0,0.0,610.0,497.0,146.0,464.0
SAN LUIS OBISPO,2022,341.0,341.0,0.0,562.0,591.0,123.0,439.0
SAN LUIS OBISPO,2023,125.0,125.0,1.0,367.0,349.0,74.0,293.0
SAN LUIS OBISPO,2024,52.0,52.0,0.0,633.0,596.0,443.0,190.0
SAN LUIS OBISPO,2025,395.0,59.0,0.0,198.0,417.0,53.0,145.0
SAN LUIS OBISPO COUNTY,2018,35.0,35.0,0.0,386.0,0.0,43.0,343.0
SAN LUIS OBISPO COUNTY,2019,506.0,499.0,7.0,332.0,447.0,53.0,279.0
SAN LUIS OBISPO COUNTY,2020,183.0,126.0,0.0,312.0,386.0,48.0,264.0
SAN LUIS OBISPO COUNTY,2021,207.0,94.0,0.0,218.0,288.0,50.0,168.0
SAN LUIS OBISPO COUNTY,2022,951.0,446.0,0.0,256.0,0.0,88.0,168.0
SAN LUIS OBISPO COUNTY,2023,948.0,579.0,0.0,243.0,223.0,129.0,114.0
SAN LUIS OBISPO COUNTY,2024,476.0,62.0,0.0,251.0,185.0,111.0,140.0
SAN LUIS OBISPO COUNTY,2025,518.0,126.0,0.0,204.0,161.0,0.0,204.0
SAN MARCOS,2018,887.0,79.0,0.0,255.0,773.0,2.0,253.0
SAN MARCOS,2019,685.0,24.0,661.0,215.0,353.0,0.0,215.0
SAN MARCOS,2020,0.0,0.0,0.0,245.0,222.0,71.0,174.0
SAN MARCOS,2021,398.0,247.0,0.0,203.0,184.0,60.0,143.0
SAN MARCOS,2022,992.0,484.0,0.0,616.0,353.0,207.0,409.0
SAN MARCOS,2023,974.0,809.0,0.0,776.0,635.0,639.0,137.0
SAN MARCOS,2024,573.0,295.0,0.0,455.0,214.0,368.0,87.0
SAN MARCOS,2025,487.0,258.0,0.0,773.0,297.0,228.0,545.0
SAN MARINO,2018,14.0,11.0,3.0,10.0,0.0,4.0,6.0
SAN MARINO,2019,8.0,8.0,0.0,12.0,3.0,8.0,4.0
SAN MARINO,2020,17.0,17.0,0.0,17.0,2.0,14.0,3.0
SAN MARINO,2022,74.0,24.0,0.0,28.0,12.0,0.0,28.0
SAN MARINO,2023,7.0,2.0,0.0,37.0,15.0,0.0,37.0
SAN MARINO,2024,36.0,0.0,0.0,33.0,30.0,0.0,33.0
SAN MARINO,2025,37.0,55.0,0.0,30.0,0.0,15.0,15.0
SAN MATEO,2018,431.0,167.0,10.0,90.0,227.0,7.0,83.0
SAN MATEO,2019,45.0,45.0,0.0,386.0,117.0,92.0,294.0
SAN MATEO,2020,1577.0,1548.0,0.0,96.0,603.0,4.0,92.0
SAN MATEO,2021,123.0,123.0,0.0,316.0,261.0,77.0,239.0
SAN MATEO,2022,1669.0,1669.0,0.0,600.0,251.0,340.0,260.0
SAN MATEO,2023,184.0,64.0,0.0,98.0,124.0,74.0,24.0
SAN MATEO,2024,22.0,22.0,0.0,170.0,427.0,60.0,110.0
SAN MATEO,2025,426.0,19.0,0.0,394.0,118.0,159.0,235.0
SAN MATEO COUNTY,2018,124.0,124.0,0.0,106.0,122.0,28.0,78.0
SAN MATEO COUNTY,2019,73.0,73.0,0.0,275.0,79.0,112.0,163.0
SAN MATEO COUNTY,2020,347.0,0.0,0.0,163.0,97.0,101.0,62.0
SAN MATEO COUNTY,2021,166.0,0.0,0.0,141.0,78.0,44.0,97.0
SAN MATEO COUNTY,2022,152.0,41.0,0.0,101.0,59.0,66.0,35.0
SAN MATEO COUNTY,2023,235.0,85.0,0.0,276.0,35.0,234.0,42.0
SAN MATEO COUNTY,2024,151.0,0.0,0.0,104.0,83.0,53.0,51.0
SAN MATEO COUNTY,2025,496.0,306.0,0.0,159.0,36.0,113.0,46.0
SAN PABLO,2018,5.0,5.0,0.0,4.0,6.0,2.0,2.0
SAN PABLO,2019,10.0,10.0,0.0,7.0,4.0,6.0,1.0
SAN PABLO,2020,32.0,0.0,0.0,19.0,5.0,15.0,4.0
SAN PABLO,2021,269.0,0.0,0.0,25.0,8.0,19.0,6.0
SAN PABLO,2022,210.0,0.0,0.0,65.0,8.0,63.0,2.0
SAN PABLO,2023,69.0,0.0,0.0,77.0,16.0,67.0,10.0
SAN PABLO,2024,165.0,0.0,0.0,42.0,67.0,30.0,12.0
SAN PABLO,2025,72.0,0.0,0.0,23.0,23.0,19.0,4.0
SAN RAFAEL,2018,98.0,98.0,0.0,41.0,33.0,27.0,14.0
SAN RAFAEL,2019,68.0,34.0,0.0,28.0,19.0,6.0,22.0
SAN RAFAEL,2020,80.0,80.0,0.0,90.0,32.0,15.0,75.0
SAN RAFAEL,2021,25.0,24.0,0.0,66.0,103.0,44.0,22.0
SAN RAFAEL,2022,123.0,123.0,0.0,147.0,95.0,92.0,55.0
SAN RAFAEL,2023,255.0,184.0,0.0,112.0,111.0,53.0,59.0
SAN RAFAEL,2024,440.0,227.0,0.0,38.0,5.0,12.0,26.0
SAN RAFAEL,2025,806.0,351.0,0.0,33.0,179.0,25.0,8.0
SAN RAMON,2018,0.0,0.0,0.0,275.0,212.0,0.0,275.0
SAN RAMON,2019,162.0,162.0,0.0,252.0,565.0,12.0,240.0
SAN RAMON,2020,0.0,0.0,0.0,106.0,201.0,10.0,96.0
SAN RAMON,2021,701.0,701.0,0.0,289.0,166.0,191.0,98.0
SAN RAMON,2022,610.0,505.0,0.0,264.0,79.0,122.0,142.0
SAN RAMON,2023,125.0,125.0,0.0,126.0,79.0,16.0,110.0
SAN RAMON,2024,832.0,832.0,0.0,127.0,213.0,23.0,104.0
SAN RAMON,2025,918.0,938.0,0.0,91.0,630.0,7.0,84.0
SAND CITY,2018,0.0,0.0,0.0,10.0,0.0,0.0,10.0
SAND CITY,2019,0.0,0.0,0.0,14.0,1.0,0.0,14.0
SAND CITY,2021,6.0,6.0,0.0,5.0,2.0,0.0,5.0
SAND CITY,2022,6.0,6.0,0.0,5.0,2.0,0.0,5.0
SAND CITY,2023,6.0,6.0,0.0,6.0,2.0,0.0,6.0
SAND CITY,2024,7.0,0.0,0.0,0.0,0.0,0.0,0.0
SAND CITY,2025,7.0,0.0,0.0,0.0,0.0,0.0,0.0
SANGER,2018,56.0,56.0,0.0,54.0,77.0,38.0,16.0
SANGER,2019,72.0,72.0,0.0,50.0,19.0,33.0,17.0
SANGER,2020,3.0,0.0,0.0,2.0,2.0,0.0,2.0
SANGER,2021,96.0,1.0,0.0,2.0,2.0,0.0,2.0
SANGER,2022,564.0,9.0,0.0,112.0,1.0,110.0,2.0
SANGER,2023,96.0,96.0,0.0,125.0,29.0,78.0,47.0
SANGER,2024,568.0,0.0,0.0,31.0,6.0,1.0,30.0
SANTA ANA,2018,2751.0,99.0,0.0,1372.0,14.0,577.0,795.0
SANTA ANA,2019,2144.0,54.0,0.0,702.0,162.0,164.0,538.0
SANTA ANA,2020,1583.0,834.0,0.0,1473.0,1210.0,610.0,863.0
SANTA ANA,2021,310.0,45.0,0.0,992.0,731.0,330.0,662.0
SANTA ANA,2022,1576.0,88.0,0.0,901.0,1034.0,334.0,567.0
SANTA ANA,2023,2846.0,63.0,498.0,2542.0,1113.0,261.0,2281.0
SANTA ANA,2024,1252.0,36.0,0.0,267.0,1107.0,196.0,71.0
SANTA ANA,2025,1168.0,56.0,0.0,316.0,875.0,256.0,60.0
SANTA BARBARA,2018,189.0,6.0,0.0,350.0,214.0,105.0,245.0
SANTA BARBARA,2019,161.0,23.0,0.0,180.0,235.0,0.0,180.0
SANTA BARBARA,2020,374.0,69.0,0.0,132.0,267.0,2.0,130.0
SANTA BARBARA,2021,366.0,99.0,0.0,358.0,122.0,30.0,328.0
SANTA BARBARA,2022,433.0,112.0,0.0,241.0,136.0,15.0,226.0
SANTA BARBARA,2023,445.0,50.0,0.0,223.0,159.0,35.0,188.0
SANTA BARBARA,2024,1554.0,0.0,0.0,204.0,209.0,54.0,150.0
SANTA BARBARA,2025,1973.0,244.0,0.0,255.0,161.0,96.0,159.0
SANTA BARBARA COUNTY,2018,287.0,157.0,0.0,328.0,220.0,97.0,231.0
SANTA BARBARA COUNTY,2019,224.0,108.0,0.0,242.0,72.0,47.0,195.0
SANTA BARBARA COUNTY,2020,278.0,165.0,1.0,205.0,171.0,90.0,115.0
SANTA BARBARA COUNTY,2021,501.0,191.0,0.0,390.0,151.0,161.0,229.0
SANTA BARBARA COUNTY,2022,272.0,0.0,0.0,272.0,9.0,81.0,191.0
SANTA BARBARA COUNTY,2023,136.0,87.0,0.0,242.0,171.0,77.0,165.0
SANTA BARBARA COUNTY,2024,436.0,137.0,0.0,400.0,103.0,155.0,245.0
SANTA BARBARA COUNTY,2025,5543.0,1726.0,0.0,613.0,244.0,410.0,203.0
SANTA CLARA,2018,3798.0,1.0,38.0,1167.0,35.0,5.0,1162.0
SANTA CLARA,2019,2542.0,2050.0,4.0,779.0,806.0,153.0,626.0
SANTA CLARA,2020,1309.0,75.0,0.0,613.0,1432.0,251.0,362.0
SANTA CLARA,2021,734.0,233.0,0.0,444.0,728.0,208.0,236.0
SANTA CLARA,2022,1856.0,146.0,0.0,2855.0,1376.0,529.0,2326.0
SANTA CLARA,2023,376.0,84.0,0.0,915.0,241.0,312.0,603.0
SANTA CLARA,2024,1762.0,98.0,0.0,105.0,195.0,64.0,41.0
SANTA CLARA,2025,506.0,31.0,0.0,531.0,2685.0,112.0,419.0
SANTA CLARA COUNTY,2018,24.0,24.0,0.0,87.0,0.0,87.0,0.0
SANTA CLARA COUNTY,2019,13.0,13.0,0.0,2597.0,0.0,2556.0,41.0
SANTA CLARA COUNTY,2020,116.0,35.0,0.0,95.0,0.0,10.0,85.0
SANTA CLARA COUNTY,2021,22.0,24.0,0.0,112.0,0.0,1.0,111.0
SANTA CLARA COUNTY,2022,17.0,17.0,0.0,124.0,0.0,0.0,124.0
SANTA CLARA COUNTY,2023,249.0,0.0,0.0,234.0,86.0,0.0,234.0
SANTA CLARA COUNTY,2024,295.0,46.0,0.0,97.0,89.0,0.0,97.0
SANTA CLARA COUNTY,2025,2197.0,70.0,0.0,121.0,96.0,0.0,121.0
SANTA CLARITA,2018,811.0,39.0,0.0,418.0,409.0,3.0,415.0
SANTA CLARITA,2019,197.0,54.0,0.0,925.0,286.0,0.0,925.0
SANTA CLARITA,2020,1262.0,87.0,0.0,1104.0,249.0,34.0,1070.0
SANTA CLARITA,2021,805.0,75.0,0.0,264.0,1048.0,0.0,264.0
SANTA CLARITA,2022,210.0,204.0,0.0,244.0,326.0,0.0,244.0
SANTA CLARITA,2023,231.0,81.0,0.0,607.0,190.0,0.0,607.0
SANTA CLARITA,2024,7147.0,82.0,0.0,214.0,513.0,0.0,214.0
SANTA CLARITA,2025,198.0,25.0,0.0,182.0,626.0,0.0,182.0
SANTA CRUZ,2018,423.0,238.0,0.0,150.0,159.0,60.0,90.0
SANTA CRUZ,2019,195.0,140.0,0.0,155.0,68.0,129.0,26.0
SANTA CRUZ,2020,355.0,153.0,0.0,79.0,218.0,67.0,12.0
SANTA CRUZ,2021,709.0,547.0,0.0,311.0,78.0,83.0,228.0
SANTA CRUZ,2022,684.0,69.0,0.0,264.0,159.0,222.0,42.0
SANTA CRUZ,2023,813.0,255.0,0.0,338.0,95.0,162.0,176.0
SANTA CRUZ,2024,377.0,198.0,0.0,671.0,389.0,597.0,74.0
SANTA CRUZ,2025,783.0,700.0,0.0,424.0,245.0,376.0,48.0
SANTA CRUZ COUNTY,2018,171.0,38.0,2.0,103.0,10.0,45.0,58.0
SANTA CRUZ COUNTY,2019,211.0,143.0,0.0,76.0,76.0,30.0,46.0
SANTA CRUZ COUNTY,2020,105.0,17.0,0.0,142.0,163.0,82.0,60.0
SANTA CRUZ COUNTY,2021,19.0,6.0,0.0,100.0,61.0,54.0,46.0
SANTA CRUZ COUNTY,2022,7.0,4.0,0.0,298.0,61.0,215.0,83.0
SANTA CRUZ COUNTY,2023,33.0,8.0,0.0,142.0,162.0,87.0,55.0
SANTA CRUZ COUNTY,2024,461.0,13.0,0.0,155.0,208.0,121.0,34.0
SANTA CRUZ COUNTY,2025,614.0,471.0,0.0,55.0,96.0,45.0,10.0
SANTA FE SPRINGS,2018,133.0,133.0,0.0,2.0,18.0,2.0,0.0
SANTA FE SPRINGS,2019,11.0,11.0,0.0,10.0,4.0,10.0,0.0
SANTA FE SPRINGS,2020,152.0,0.0,0.0,130.0,1.0,2.0,128.0
SANTA FE SPRINGS,2021,41.0,23.0,0.0,10.0,134.0,10.0,0.0
SANTA FE SPRINGS,2022,272.0,250.0,0.0,152.0,137.0,24.0,128.0
SANTA FE SPRINGS,2023,116.0,116.0,0.0,188.0,6.0,130.0,58.0
SANTA FE SPRINGS,2024,17.0,15.0,0.0,93.0,57.0,33.0,60.0
SANTA FE SPRINGS,2025,13.0,22.0,0.0,143.0,130.0,117.0,26.0
SANTA MARIA,2018,536.0,541.0,0.0,242.0,429.0,127.0,115.0
SANTA MARIA,2019,338.0,338.0,0.0,494.0,246.0,242.0,252.0
SANTA MARIA,2020,17.0,8.0,0.0,260.0,384.0,234.0,26.0
SANTA MARIA,2021,565.0,565.0,0.0,458.0,507.0,402.0,56.0
SANTA MARIA,2022,684.0,580.0,0.0,1176.0,377.0,972.0,204.0
SANTA MARIA,2023,1339.0,1339.0,0.0,454.0,308.0,415.0,39.0
SANTA MARIA,2024,1668.0,1668.0,0.0,482.0,459.0,435.0,47.0
SANTA MARIA,2025,739.0,246.0,0.0,930.0,886.0,479.0,451.0
SANTA MONICA,2018,1127.0,0.0,0.0,399.0,130.0,87.0,312.0
SANTA MONICA,2019,1559.0,582.0,0.0,528.0,4.0,48.0,480.0
SANTA MONICA,2020,889.0,176.0,0.0,265.0,263.0,155.0,110.0
SANTA MONICA,2021,2267.0,22.0,0.0,275.0,0.0,56.0,219.0
SANTA MONICA,2022,1081.0,374.0,0.0,438.0,0.0,157.0,281.0
SANTA MONICA,2023,5910.0,78.0,0.0,530.0,0.0,104.0,426.0
SANTA MONICA,2024,2149.0,8.0,0.0,209.0,477.0,16.0,193.0
SANTA MONICA,2025,2941.0,0.0,0.0,450.0,6.0,97.0,353.0
SANTA PAULA,2018,0.0,0.0,0.0,0.0,11.0,0.0,0.0
SANTA PAULA,2019,6.0,6.0,0.0,0.0,0.0,0.0,0.0
SANTA PAULA,2020,69.0,69.0,0.0,0.0,0.0,0.0,0.0
SANTA PAULA,2021,113.0,113.0,0.0,69.0,0.0,69.0,0.0
SANTA PAULA,2022,315.0,315.0,0.0,0.0,16.0,0.0,0.0
SANTA PAULA,2023,39.0,39.0,0.0,0.0,0.0,0.0,0.0
SANTA PAULA,2024,109.0,74.0,0.0,0.0,0.0,0.0,0.0
SANTA ROSA,2018,1674.0,285.0,0.0,458.0,470.0,133.0,325.0
SANTA ROSA,2019,3994.0,1008.0,0.0,447.0,246.0,68.0,379.0
SANTA ROSA,2020,2316.0,250.0,0.0,629.0,426.0,158.0,471.0
SANTA ROSA,2021,892.0,594.0,0.0,1404.0,481.0,471.0,933.0
SANTA ROSA,2022,2448.0,706.0,0.0,1157.0,460.0,419.0,738.0
SANTA ROSA,2023,2542.0,248.0,0.0,1708.0,356.0,456.0,1252.0
SANTA ROSA,2024,436.0,3.0,0.0,297.0,253.0,0.0,297.0
SANTA ROSA,2025,1833.0,469.0,0.0,861.0,1093.0,153.0,708.0
SANTEE,2018,131.0,131.0,0.0,157.0,106.0,0.0,157.0
SANTEE,2019,429.0,6.0,423.0,115.0,41.0,1.0,114.0
SANTEE,2020,95.0,0.0,0.0,227.0,131.0,3.0,224.0
SANTEE,2021,19.0,0.0,0.0,161.0,122.0,13.0,148.0
SANTEE,2022,3222.0,3171.0,0.0,159.0,272.0,124.0,35.0
SANTEE,2023,109.0,72.0,0.0,86.0,54.0,17.0,69.0
SANTEE,2024,669.0,12.0,0.0,71.0,35.0,25.0,46.0
SANTEE,2025,339.0,118.0,0.0,45.0,50.0,21.0,24.0
SARATOGA,2018,46.0,46.0,0.0,46.0,0.0,14.0,32.0
SARATOGA,2019,44.0,44.0,0.0,28.0,5.0,25.0,3.0
SARATOGA,2020,154.0,154.0,0.0,44.0,0.0,41.0,3.0
SARATOGA,2021,75.0,73.0,0.0,71.0,0.0,66.0,5.0
SARATOGA,2022,155.0,153.0,0.0,132.0,0.0,53.0,79.0
SARATOGA,2023,58.0,53.0,2.0,125.0,0.0,72.0,53.0
SARATOGA,2024,116.0,116.0,0.0,116.0,0.0,68.0,48.0
SARATOGA,2025,123.0,122.0,0.0,214.0,0.0,115.0,99.0
SAUSALITO,2018,6.0,6.0,0.0,3.0,1.0,1.0,2.0
SAUSALITO,2019,0.0,0.0,0.0,6.0,1.0,6.0,0.0
SAUSALITO,2020,22.0,3.0,0.0,14.0,9.0,12.0,2.0
SAUSALITO,2021,30.0,11.0,0.0,9.0,0.0,9.0,0.0
SAUSALITO,2022,17.0,12.0,0.0,20.0,5.0,17.0,3.0
SAUSALITO,2023,17.0,9.0,3.0,9.0,4.0,9.0,0.0
SAUSALITO,2024,162.0,14.0,1.0,15.0,13.0,12.0,3.0
SAUSALITO,2025,43.0,43.0,0.0,8.0,8.0,6.0,2.0
SCOTTS VALLEY,2018,23.0,4.0,0.0,66.0,8.0,3.0,63.0
SCOTTS VALLEY,2019,12.0,12.0,0.0,12.0,38.0,0.0,12.0
SCOTTS VALLEY,2020,10.0,10.0,0.0,10.0,48.0,2.0,8.0
SCOTTS VALLEY,2021,28.0,28.0,0.0,36.0,20.0,6.0,30.0
SCOTTS VALLEY,2022,28.0,28.0,0.0,84.0,33.0,8.0,76.0
SCOTTS VALLEY,2023,10.0,0.0,0.0,3.0,17.0,0.0,3.0
SCOTTS VALLEY,2024,100.0,100.0,0.0,9.0,21.0,0.0,9.0
SCOTTS VALLEY,2025,74.0,65.0,0.0,153.0,8.0,134.0,19.0
SEAL BEACH,2018,1.0,1.0,0.0,0.0,0.0,0.0,0.0
SEAL BEACH,2019,13.0,0.0,13.0,12.0,0.0,0.0,12.0
SEAL BEACH,2020,5.0,0.0,0.0,21.0,4.0,2.0,19.0
SEAL BEACH,2021,5.0,5.0,0.0,5.0,16.0,0.0,5.0
SEAL BEACH,2022,15.0,8.0,0.0,1.0,1.0,1.0,0.0
SEAL BEACH,2023,24.0,0.0,0.0,11.0,6.0,2.0,9.0
SEAL BEACH,2024,27.0,18.0,0.0,11.0,4.0,4.0,7.0
SEAL BEACH,2025,32.0,27.0,0.0,17.0,13.0,8.0,9.0
SEASIDE,2018,3.0,3.0,0.0,3.0,2.0,0.0,3.0
SEASIDE,2019,5.0,5.0,0.0,5.0,1.0,0.0,5.0
SEASIDE,2020,225.0,225.0,0.0,13.0,0.0,0.0,13.0
SEASIDE,2021,0.0,0.0,0.0,71.0,0.0,0.0,71.0
SEASIDE,2022,0.0,0.0,0.0,63.0,0.0,0.0,63.0
SEASIDE,2023,0.0,0.0,0.0,55.0,0.0,0.0,55.0
SEASIDE,2024,21.0,0.0,0.0,8.0,30.0,0.0,8.0
SEASIDE,2025,0.0,0.0,0.0,60.0,134.0,33.0,27.0
SEBASTOPOL,2018,30.0,12.0,0.0,13.0,7.0,12.0,1.0
SEBASTOPOL,2019,8.0,1.0,7.0,5.0,10.0,4.0,1.0
SEBASTOPOL,2020,7.0,7.0,0.0,27.0,5.0,4.0,23.0
SEBASTOPOL,2021,8.0,5.0,0.0,40.0,39.0,33.0,7.0
SEBASTOPOL,2022,168.0,88.0,0.0,18.0,16.0,0.0,18.0
SEBASTOPOL,2023,46.0,0.0,0.0,63.0,5.0,47.0,16.0
SEBASTOPOL,2024,46.0,24.0,0.0,73.0,76.0,57.0,16.0
SEBASTOPOL,2025,2.0,2.0,0.0,71.0,9.0,36.0,35.0
SELMA,2018,13.0,8.0,5.0,12.0,8.0,9.0,3.0
SELMA,2019,7.0,7.0,0.0,13.0,0.0,13.0,0.0
SELMA,2020,70.0,32.0,0.0,70.0,0.0,70.0,0.0
SELMA,2021,771.0,0.0,0.0,0.0,13.0,0.0,0.0
SELMA,2022,1692.0,0.0,0.0,17.0,0.0,0.0,17.0
SELMA,2023,2627.0,0.0,0.0,17.0,12.0,0.0,17.0
SELMA,2024,199.0,41.0,0.0,33.0,18.0,0.0,33.0
SELMA,2025,309.0,0.0,0.0,22.0,43.0,0.0,22.0
SHAFTER,2018,151.0,151.0,0.0,153.0,220.0,18.0,135.0
SHAFTER,2019,206.0,206.0,0.0,207.0,158.0,35.0,172.0
SHAFTER,2020,310.0,310.0,0.0,311.0,216.0,53.0,258.0
SHAFTER,2021,418.0,418.0,0.0,433.0,221.0,71.0,362.0
SHAFTER,2022,353.0,0.0,0.0,214.0,305.0,2.0,212.0
SHAFTER,2023,182.0,182.0,0.0,182.0,268.0,28.0,154.0
SHAFTER,2024,290.0,290.0,0.0,290.0,306.0,0.0,290.0
SHAFTER,2025,454.0,454.0,0.0,454.0,395.0,0.0,454.0
SHASTA COUNTY,2018,211.0,0.0,0.0,185.0,122.0,41.0,144.0
SHASTA COUNTY,2019,404.0,0.0,0.0,296.0,222.0,16.0,280.0
SHASTA COUNTY,2020,179.0,15.0,0.0,214.0,224.0,24.0,190.0
SHASTA COUNTY,2021,207.0,3.0,0.0,206.0,158.0,21.0,185.0
SHASTA COUNTY,2022,248.0,117.0,0.0,200.0,181.0,58.0,142.0
SHASTA COUNTY,2023,87.0,0.0,0.0,106.0,137.0,21.0,85.0
SHASTA COUNTY,2024,121.0,0.0,0.0,120.0,166.0,38.0,82.0
SHASTA COUNTY,2025,96.0,66.0,0.0,77.0,91.0,34.0,43.0
SHASTA LAKE,2018,41.0,41.0,0.0,41.0,0.0,41.0,0.0
SHASTA LAKE,2019,39.0,39.0,0.0,72.0,0.0,55.0,17.0
SHASTA LAKE,2020,10.0,0.0,0.0,10.0,0.0,8.0,2.0
SHASTA LAKE,2021,7.0,0.0,0.0,7.0,0.0,5.0,2.0
SHASTA LAKE,2022,19.0,0.0,0.0,19.0,0.0,17.0,2.0
SHASTA LAKE,2023,7.0,0.0,0.0,7.0,0.0,7.0,0.0
SHASTA LAKE,2024,0.0,0.0,0.0,68.0,0.0,65.0,3.0
SHASTA LAKE,2025,0.0,0.0,0.0,8.0,0.0,8.0,0.0
SIERRA COUNTY,2018,5.0,5.0,0.0,6.0,0.0,3.0,3.0
SIERRA COUNTY,2019,8.0,8.0,0.0,8.0,2.0,7.0,1.0
SIERRA COUNTY,2020,2.0,2.0,0.0,8.0,0.0,4.0,4.0
SIERRA COUNTY,2021,2.0,2.0,0.0,4.0,1.0,3.0,1.0
SIERRA COUNTY,2022,8.0,8.0,0.0,6.0,5.0,6.0,0.0
SIERRA COUNTY,2023,3.0,0.0,0.0,8.0,6.0,4.0,4.0
SIERRA COUNTY,2024,5.0,0.0,0.0,6.0,8.0,3.0,3.0
SIERRA COUNTY,2025,11.0,0.0,0.0,11.0,0.0,5.0,6.0
SIERRA MADRE,2018,2.0,0.0,0.0,1.0,1.0,1.0,0.0
SIERRA MADRE,2019,5.0,5.0,0.0,9.0,4.0,9.0,0.0
SIERRA MADRE,2020,9.0,10.0,0.0,15.0,6.0,15.0,0.0
SIERRA MADRE,2021,7.0,7.0,0.0,44.0,18.0,33.0,11.0
SIERRA MADRE,2022,46.0,0.0,0.0,44.0,15.0,31.0,13.0
SIERRA MADRE,2023,28.0,28.0,0.0,71.0,37.0,56.0,15.0
SIERRA MADRE,2024,25.0,25.0,0.0,109.0,78.0,87.0,22.0
SIERRA MADRE,2025,59.0,42.0,0.0,120.0,79.0,76.0,44.0
SIGNAL HILL,2018,32.0,4.0,0.0,2.0,25.0,1.0,1.0
SIGNAL HILL,2019,4.0,4.0,0.0,6.0,28.0,2.0,4.0
SIGNAL HILL,2020,4.0,3.0,0.0,9.0,0.0,0.0,9.0
SIGNAL HILL,2021,5.0,3.0,0.0,22.0,14.0,0.0,22.0
SIGNAL HILL,2022,14.0,12.0,0.0,6.0,1.0,0.0,6.0
SIGNAL HILL,2023,13.0,13.0,0.0,13.0,11.0,0.0,13.0
SIGNAL HILL,2024,31.0,1.0,0.0,10.0,4.0,0.0,10.0
SIGNAL HILL,2025,13.0,13.0,0.0,8.0,2.0,0.0,8.0
SIMI VALLEY,2018,1379.0,1101.0,0.0,208.0,0.0,34.0,174.0
SIMI VALLEY,2019,267.0,226.0,0.0,0.0,293.0,0.0,0.0
SIMI VALLEY,2020,427.0,427.0,0.0,184.0,184.0,25.0,159.0
SIMI VALLEY,2021,394.0,394.0,0.0,69.0,69.0,10.0,59.0
SIMI VALLEY,2022,93.0,0.0,0.0,562.0,562.0,188.0,374.0
SIMI VALLEY,2023,175.0,175.0,0.0,211.0,211.0,66.0,145.0
SIMI VALLEY,2024,219.0,219.0,0.0,400.0,400.0,295.0,105.0
SIMI VALLEY,2025,290.0,346.0,0.0,213.0,125.0,21.0,192.0
SISKIYOU COUNTY,2018,5.0,5.0,0.0,65.0,32.0,0.0,65.0
SISKIYOU COUNTY,2019,76.0,76.0,0.0,39.0,39.0,0.0,39.0
SISKIYOU COUNTY,2020,87.0,87.0,0.0,36.0,36.0,0.0,36.0
SISKIYOU COUNTY,2021,42.0,0.0,0.0,0.0,0.0,0.0,0.0
SISKIYOU COUNTY,2022,70.0,70.0,0.0,0.0,0.0,0.0,0.0
SISKIYOU COUNTY,2023,51.0,28.0,0.0,29.0,0.0,3.0,26.0
SISKIYOU COUNTY,2024,75.0,63.0,0.0,78.0,25.0,5.0,73.0
SISKIYOU COUNTY,2025,57.0,57.0,0.0,112.0,58.0,3.0,109.0
SOLANA BEACH,2018,300.0,296.0,0.0,18.0,7.0,6.0,12.0
SOLANA BEACH,2019,23.0,15.0,0.0,9.0,9.0,6.0,3.0
SOLANA BEACH,2020,26.0,10.0,0.0,13.0,6.0,9.0,4.0
SOLANA BEACH,2021,25.0,12.0,0.0,51.0,10.0,20.0,31.0
SOLANA BEACH,2022,42.0,40.0,0.0,17.0,17.0,14.0,3.0
SOLANA BEACH,2023,34.0,25.0,0.0,18.0,46.0,18.0,0.0
SOLANA BEACH,2024,49.0,27.0,0.0,82.0,16.0,52.0,30.0
SOLANA BEACH,2025,41.0,41.0,0.0,37.0,14.0,23.0,14.0
SOLANO COUNTY,2018,13.0,13.0,0.0,34.0,9.0,21.0,13.0
SOLANO COUNTY,2019,40.0,18.0,0.0,30.0,3.0,24.0,6.0
SOLANO COUNTY,2020,36.0,12.0,0.0,26.0,1.0,15.0,11.0
SOLANO COUNTY,2021,0.0,0.0,0.0,95.0,7.0,39.0,56.0
SOLANO COUNTY,2022,77.0,35.0,0.0,76.0,9.0,35.0,41.0
SOLANO COUNTY,2023,44.0,11.0,0.0,36.0,37.0,16.0,20.0
SOLANO COUNTY,2024,51.0,20.0,0.0,35.0,29.0,16.0,19.0
SOLANO COUNTY,2025,75.0,27.0,0.0,48.0,26.0,25.0,23.0
SOLEDAD,2018,89.0,89.0,89.0,53.0,53.0,0.0,53.0
SOLEDAD,2019,59.0,59.0,0.0,82.0,84.0,0.0,82.0
SOLEDAD,2020,61.0,61.0,0.0,39.0,39.0,0.0,39.0
SOLEDAD,2021,109.0,109.0,0.0,62.0,62.0,8.0,54.0
SOLEDAD,2022,196.0,196.0,0.0,74.0,74.0,5.0,69.0
SOLEDAD,2023,57.0,57.0,0.0,125.0,125.0,25.0,100.0
SOLEDAD,2024,62.0,62.0,0.0,96.0,96.0,14.0,82.0
SOLEDAD,2025,42.0,42.0,0.0,75.0,75.0,5.0,70.0
SOLVANG,2018,4.0,3.0,0.0,0.0,0.0,0.0,0.0
SOLVANG,2019,16.0,16.0,0.0,0.0,0.0,0.0,0.0
SOLVANG,2020,119.0,119.0,0.0,0.0,0.0,0.0,0.0
SOLVANG,2021,5.0,5.0,0.0,5.0,0.0,4.0,1.0
SOLVANG,2022,6.0,0.0,0.0,11.0,27.0,1.0,10.0
SOLVANG,2023,115.0,6.0,0.0,6.0,1.0,0.0,6.0
SOLVANG,2024,100.0,0.0,0.0,25.0,15.0,1.0,24.0
SOLVANG,2025,138.0,0.0,0.0,30.0,16.0,1.0,29.0
SONOMA,2018,66.0,34.0,0.0,24.0,13.0,17.0,7.0
SONOMA,2019,3.0,3.0,0.0,105.0,14.0,68.0,37.0
SONOMA,2020,71.0,8.0,0.0,135.0,16.0,67.0,68.0
SONOMA,2021,115.0,2.0,0.0,135.0,129.0,80.0,55.0
SONOMA,2022,59.0,0.0,0.0,26.0,8.0,18.0,8.0
SONOMA,2023,1.0,1.0,0.0,10.0,9.0,5.0,5.0
SONOMA,2024,43.0,43.0,0.0,29.0,9.0,14.0,15.0
SONOMA,2025,4.0,0.0,0.0,8.0,24.0,3.0,5.0
SONOMA COUNTY,2018,1058.0,73.0,0.0,513.0,271.0,301.0,212.0
SONOMA COUNTY,2019,285.0,134.0,151.0,1070.0,561.0,242.0,828.0
SONOMA COUNTY,2020,621.0,387.0,0.0,261.0,189.0,113.0,148.0
SONOMA COUNTY,2021,140.0,140.0,0.0,202.0,175.0,98.0,104.0
SONOMA COUNTY,2022,559.0,559.0,0.0,819.0,376.0,314.0,505.0
SONOMA COUNTY,2023,388.0,388.0,0.0,802.0,501.0,294.0,508.0
SONOMA COUNTY,2024,2034.0,205.0,0.0,724.0,393.0,351.0,373.0
SONOMA COUNTY,2025,1117.0,30.0,0.0,310.0,282.0,171.0,139.0
SONORA,2018,4.0,4.0,0.0,2.0,1.0,1.0,1.0
SONORA,2019,0.0,0.0,0.0,4.0,0.0,1.0,3.0
SONORA,2020,0.0,0.0,0.0,4.0,4.0,0.0,4.0
SONORA,2021,6.0,6.0,0.0,11.0,0.0,4.0,7.0
SONORA,2022,5.0,0.0,0.0,5.0,0.0,2.0,3.0
SONORA,2024,15.0,15.0,0.0,3.0,1.0,3.0,0.0
SOUTH EL MONTE,2018,8.0,8.0,0.0,8.0,4.0,6.0,2.0
SOUTH EL MONTE,2019,111.0,9.0,102.0,11.0,0.0,0.0,11.0
SOUTH EL MONTE,2020,45.0,45.0,0.0,45.0,0.0,0.0,45.0
SOUTH EL MONTE,2021,127.0,127.0,0.0,12.0,0.0,6.0,6.0
SOUTH EL MONTE,2022,22.0,24.0,0.0,22.0,0.0,0.0,22.0
SOUTH EL MONTE,2023,30.0,0.0,0.0,24.0,0.0,23.0,1.0
SOUTH EL MONTE,2024,225.0,0.0,0.0,90.0,3.0,82.0,8.0
SOUTH EL MONTE,2025,35.0,0.0,0.0,145.0,13.0,21.0,124.0
SOUTH GATE,2018,29.0,29.0,0.0,28.0,8.0,26.0,2.0
SOUTH GATE,2019,17.0,17.0,0.0,500.0,11.0,493.0,7.0
SOUTH GATE,2020,301.0,297.0,0.0,160.0,36.0,100.0,60.0
SOUTH GATE,2022,176.0,176.0,0.0,0.0,0.0,0.0,0.0
SOUTH GATE,2023,195.0,195.0,0.0,0.0,0.0,0.0,0.0
SOUTH GATE,2024,271.0,2.0,0.0,177.0,177.0,177.0,0.0
SOUTH GATE,2025,259.0,0.0,0.0,158.0,168.0,154.0,4.0
SOUTH LAKE TAHOE,2018,56.0,56.0,0.0,56.0,6.0,0.0,56.0
SOUTH LAKE TAHOE,2019,34.0,0.0,0.0,38.0,22.0,11.0,27.0
SOUTH LAKE TAHOE,2020,451.0,0.0,0.0,19.0,29.0,0.0,19.0
SOUTH LAKE TAHOE,2021,92.0,0.0,0.0,43.0,26.0,0.0,43.0
SOUTH LAKE TAHOE,2022,68.0,0.0,0.0,179.0,37.0,71.0,108.0
SOUTH LAKE TAHOE,2023,48.0,0.0,0.0,105.0,34.0,61.0,44.0
SOUTH LAKE TAHOE,2024,204.0,82.0,0.0,62.0,90.0,3.0,59.0
SOUTH LAKE TAHOE,2025,186.0,24.0,0.0,98.0,94.0,60.0,38.0
SOUTH PASADENA,2018,28.0,28.0,0.0,7.0,8.0,4.0,3.0
SOUTH PASADENA,2019,62.0,58.0,4.0,11.0,1.0,0.0,11.0
SOUTH PASADENA,2020,36.0,19.0,0.0,13.0,18.0,0.0,13.0
SOUTH PASADENA,2021,237.0,44.0,0.0,23.0,9.0,0.0,23.0
SOUTH PASADENA,2022,106.0,64.0,0.0,51.0,12.0,0.0,51.0
SOUTH PASADENA,2023,306.0,58.0,0.0,50.0,19.0,0.0,50.0
SOUTH PASADENA,2024,231.0,46.0,0.0,54.0,37.0,0.0,54.0
SOUTH SAN FRANCISCO,2018,1656.0,0.0,0.0,167.0,40.0,5.0,162.0
SOUTH SAN FRANCISCO,2019,118.0,0.0,0.0,295.0,391.0,26.0,269.0
SOUTH SAN FRANCISCO,2020,1189.0,39.0,0.0,502.0,443.0,73.0,429.0
SOUTH SAN FRANCISCO,2021,376.0,5.0,0.0,148.0,126.0,49.0,99.0
SOUTH SAN FRANCISCO,2022,734.0,187.0,0.0,336.0,207.0,130.0,206.0
SOUTH SAN FRANCISCO,2023,5.0,5.0,0.0,194.0,216.0,177.0,17.0
SOUTH SAN FRANCISCO,2024,139.0,0.0,0.0,62.0,255.0,46.0,16.0
SOUTH SAN FRANCISCO,2025,162.0,162.0,0.0,593.0,97.0,124.0,469.0
STANISLAUS COUNTY,2018,0.0,0.0,0.0,114.0,61.0,6.0,108.0
STANISLAUS COUNTY,2019,0.0,0.0,0.0,67.0,51.0,13.0,54.0
STANISLAUS COUNTY,2020,0.0,0.0,0.0,78.0,60.0,0.0,78.0
STANISLAUS COUNTY,2021,0.0,0.0,0.0,102.0,73.0,36.0,66.0
STANISLAUS COUNTY,2022,91.0,17.0,0.0,114.0,53.0,42.0,72.0
STANISLAUS COUNTY,2023,4.0,4.0,0.0,229.0,106.0,64.0,165.0
STANISLAUS COUNTY,2024,0.0,0.0,0.0,146.0,93.0,64.0,82.0
STANISLAUS COUNTY,2025,0.0,0.0,0.0,188.0,123.0,25.0,163.0
STANTON,2018,229.0,227.0,0.0,57.0,0.0,12.0,45.0
STANTON,2019,360.0,16.0,0.0,115.0,23.0,0.0,115.0
STANTON,2020,478.0,353.0,0.0,149.0,34.0,0.0,149.0
STANTON,2021,11.0,0.0,0.0,104.0,137.0,42.0,62.0
STANTON,2022,158.0,0.0,0.0,68.0,54.0,0.0,68.0
STANTON,2023,34.0,5.0,0.0,124.0,490.0,60.0,64.0
STANTON,2024,167.0,0.0,0.0,49.0,61.0,0.0,49.0
STANTON,2025,3.0,0.0,0.0,65.0,403.0,7.0,58.0
STOCKTON,2018,75.0,74.0,0.0,327.0,0.0,84.0,243.0
STOCKTON,2019,0.0,0.0,0.0,580.0,482.0,580.0,0.0
STOCKTON,2020,841.0,0.0,0.0,469.0,266.0,77.0,392.0
STOCKTON,2021,2476.0,1517.0,0.0,892.0,507.0,198.0,694.0
STOCKTON,2022,79.0,79.0,0.0,605.0,0.0,120.0,485.0
STOCKTON,2023,3528.0,652.0,0.0,610.0,0.0,120.0,490.0
STOCKTON,2024,2278.0,542.0,0.0,1090.0,272.0,553.0,537.0
STOCKTON,2025,159.0,154.0,0.0,716.0,177.0,150.0,566.0
SUISUN CITY,2018,0.0,0.0,0.0,5.0,11.0,0.0,5.0
SUISUN CITY,2019,73.0,73.0,0.0,0.0,0.0,0.0,0.0
SUISUN CITY,2020,418.0,0.0,0.0,1.0,0.0,0.0,1.0
SUISUN CITY,2021,346.0,346.0,0.0,77.0,0.0,0.0,77.0
SUISUN CITY,2022,70.0,0.0,0.0,174.0,0.0,159.0,15.0
SUISUN CITY,2023,0.0,0.0,0.0,195.0,3.0,0.0,195.0
SUISUN CITY,2024,0.0,0.0,0.0,12.0,51.0,6.0,6.0
SUISUN CITY,2025,51.0,51.0,0.0,222.0,171.0,217.0,5.0
SUNNYVALE,2018,129.0,129.0,0.0,270.0,732.0,63.0,207.0
SUNNYVALE,2019,2003.0,294.0,0.0,706.0,321.0,97.0,609.0
SUNNYVALE,2020,888.0,55.0,0.0,416.0,505.0,82.0,334.0
SUNNYVALE,2021,758.0,532.0,0.0,1463.0,847.0,242.0,1221.0
SUNNYVALE,2022,121.0,58.0,0.0,983.0,643.0,115.0,868.0
SUNNYVALE,2023,726.0,715.0,0.0,601.0,510.0,269.0,332.0
SUNNYVALE,2024,377.0,370.0,0.0,278.0,699.0,84.0,194.0
SUNNYVALE,2025,348.0,380.0,0.0,216.0,1412.0,105.0,111.0
SUSANVILLE,2019,4.0,4.0,0.0,9.0,0.0,9.0,0.0
SUSANVILLE,2020,0.0,0.0,0.0,31.0,7.0,5.0,26.0
SUSANVILLE,2021,0.0,0.0,0.0,31.0,16.0,9.0,22.0
SUSANVILLE,2022,12.0,12.0,0.0,31.0,16.0,9.0,22.0
SUSANVILLE,2023,75.0,0.0,0.0,10.0,1.0,10.0,0.0
SUSANVILLE,2024,34.0,37.0,0.0,0.0,12.0,0.0,0.0
SUSANVILLE,2025,1.0,1.0,0.0,12.0,12.0,12.0,0.0
SUTTER COUNTY,2018,17.0,17.0,0.0,10.0,8.0,5.0,5.0
SUTTER COUNTY,2019,13.0,13.0,0.0,9.0,10.0,0.0,9.0
SUTTER COUNTY,2020,15.0,15.0,0.0,10.0,3.0,2.0,8.0
SUTTER COUNTY,2021,18.0,18.0,0.0,17.0,14.0,3.0,14.0
SUTTER COUNTY,2022,27.0,27.0,0.0,27.0,23.0,1.0,26.0
SUTTER COUNTY,2023,17.0,17.0,0.0,19.0,20.0,4.0,15.0
SUTTER COUNTY,2024,14.0,14.0,0.0,22.0,13.0,4.0,18.0
SUTTER COUNTY,2025,15.0,15.0,0.0,12.0,16.0,4.0,8.0
SUTTER CREEK,2018,3.0,3.0,0.0,3.0,1.0,0.0,3.0
SUTTER CREEK,2019,3.0,3.0,0.0,5.0,2.0,0.0,5.0
SUTTER CREEK,2020,2.0,2.0,0.0,2.0,1.0,0.0,2.0
SUTTER CREEK,2021,5.0,3.0,2.0,3.0,1.0,0.0,3.0
SUTTER CREEK,2022,4.0,0.0,0.0,1.0,1.0,0.0,1.0
SUTTER CREEK,2023,0.0,0.0,0.0,4.0,1.0,0.0,4.0
SUTTER CREEK,2024,17.0,7.0,10.0,1.0,1.0,1.0,0.0
SUTTER CREEK,2025,3.0,0.0,0.0,4.0,0.0,3.0,1.0
TAFT,2018,0.0,0.0,0.0,8.0,1.0,2.0,6.0
TAFT,2019,0.0,0.0,0.0,12.0,0.0,5.0,7.0
TAFT,2020,0.0,0.0,0.0,6.0,9.0,2.0,4.0
TAFT,2021,0.0,0.0,0.0,9.0,8.0,3.0,6.0
TAFT,2022,0.0,0.0,0.0,3.0,1.0,3.0,0.0
TAFT,2023,0.0,0.0,0.0,5.0,1.0,5.0,0.0
TAFT,2024,0.0,0.0,0.0,6.0,5.0,6.0,0.0
TAFT,2025,0.0,0.0,0.0,4.0,1.0,4.0,0.0
TEHACHAPI,2018,17.0,17.0,0.0,21.0,20.0,0.0,21.0
TEHACHAPI,2019,10.0,10.0,0.0,6.0,12.0,0.0,6.0
TEHACHAPI,2020,7.0,7.0,0.0,7.0,7.0,0.0,7.0
TEHACHAPI,2021,5.0,0.0,0.0,0.0,0.0,0.0,0.0
TEHACHAPI,2022,27.0,71.0,0.0,12.0,5.0,0.0,12.0
TEHACHAPI,2023,77.0,121.0,0.0,0.0,0.0,0.0,0.0
TEHACHAPI,2024,37.0,37.0,0.0,57.0,35.0,0.0,57.0
TEHACHAPI,2025,8.0,6.0,0.0,51.0,24.0,0.0,51.0
TEHAMA COUNTY,2019,87.0,87.0,0.0,87.0,87.0,40.0,47.0
TEHAMA COUNTY,2020,111.0,111.0,0.0,111.0,111.0,85.0,26.0
TEHAMA COUNTY,2021,58.0,58.0,0.0,58.0,58.0,58.0,0.0
TEHAMA COUNTY,2022,110.0,69.0,0.0,69.0,52.0,66.0,3.0
TEHAMA COUNTY,2023,48.0,48.0,0.0,48.0,48.0,43.0,5.0
TEMECULA,2018,626.0,0.0,0.0,90.0,0.0,0.0,90.0
TEMECULA,2019,299.0,0.0,299.0,209.0,209.0,0.0,209.0
TEMECULA,2020,1564.0,1564.0,0.0,286.0,0.0,0.0,286.0
TEMECULA,2021,568.0,568.0,0.0,577.0,0.0,0.0,577.0
TEMECULA,2022,79.0,64.0,0.0,602.0,72.0,132.0,470.0
TEMECULA,2023,473.0,6.0,0.0,1283.0,328.0,60.0,1223.0
TEMECULA,2024,426.0,307.0,0.0,380.0,876.0,0.0,380.0
TEMECULA,2025,119.0,0.0,0.0,192.0,670.0,4.0,188.0
TEMPLE CITY,2018,140.0,39.0,0.0,44.0,38.0,31.0,13.0
TEMPLE CITY,2019,156.0,156.0,0.0,75.0,59.0,33.0,42.0
TEMPLE CITY,2020,74.0,74.0,0.0,49.0,75.0,28.0,21.0
TEMPLE CITY,2021,61.0,61.0,0.0,125.0,30.0,47.0,78.0
TEMPLE CITY,2022,82.0,0.0,0.0,75.0,66.0,60.0,15.0
TEMPLE CITY,2023,80.0,80.0,0.0,73.0,123.0,62.0,11.0
TEMPLE CITY,2024,105.0,103.0,0.0,258.0,138.0,176.0,82.0
TEMPLE CITY,2025,71.0,70.0,0.0,150.0,87.0,52.0,98.0
THOUSAND OAKS,2018,150.0,150.0,0.0,82.0,26.0,50.0,32.0
THOUSAND OAKS,2019,45.0,18.0,0.0,67.0,89.0,0.0,67.0
THOUSAND OAKS,2020,307.0,18.0,0.0,220.0,71.0,142.0,78.0
THOUSAND OAKS,2021,735.0,271.0,0.0,76.0,87.0,0.0,76.0
THOUSAND OAKS,2022,885.0,402.0,0.0,117.0,93.0,0.0,117.0
THOUSAND OAKS,2023,114.0,114.0,0.0,92.0,80.0,0.0,92.0
THOUSAND OAKS,2024,109.0,107.0,2.0,82.0,12.0,0.0,82.0
THOUSAND OAKS,2025,534.0,139.0,1.0,340.0,76.0,27.0,313.0
TIBURON,2018,6.0,6.0,0.0,5.0,2.0,1.0,4.0
TIBURON,2019,1.0,1.0,0.0,5.0,4.0,0.0,5.0
TIBURON,2021,13.0,2.0,0.0,8.0,2.0,0.0,8.0
TIBURON,2022,7.0,7.0,0.0,0.0,7.0,0.0,0.0
TIBURON,2023,17.0,0.0,0.0,11.0,11.0,0.0,11.0
TIBURON,2024,156.0,15.0,0.0,27.0,12.0,20.0,7.0
TIBURON,2025,17.0,17.0,0.0,29.0,3.0,22.0,7.0
TORRANCE,2018,134.0,38.0,85.0,33.0,6.0,0.0,33.0
TORRANCE,2019,182.0,89.0,0.0,77.0,16.0,0.0,77.0
TORRANCE,2020,278.0,128.0,0.0,96.0,33.0,0.0,96.0
TORRANCE,2021,389.0,61.0,0.0,111.0,35.0,0.0,111.0
TORRANCE,2022,759.0,510.0,0.0,388.0,125.0,0.0,388.0
TORRANCE,2023,1500.0,60.0,0.0,422.0,110.0,0.0,422.0
TORRANCE,2024,443.0,187.0,0.0,255.0,132.0,0.0,255.0
TORRANCE,2025,1117.0,581.0,0.0,196.0,104.0,0.0,196.0
TRACY,2018,251.0,31.0,1.0,1154.0,497.0,7.0,1147.0
TRACY,2019,512.0,328.0,0.0,788.0,333.0,40.0,748.0
TRACY,2020,810.0,786.0,0.0,470.0,671.0,10.0,460.0
TRACY,2021,2098.0,1470.0,0.0,859.0,541.0,132.0,727.0
TRACY,2022,552.0,548.0,0.0,616.0,598.0,129.0,487.0
TRACY,2023,6.0,6.0,0.0,257.0,442.0,12.0,245.0
TRACY,2024,81.0,0.0,0.0,695.0,510.0,24.0,671.0
TRACY,2025,1149.0,379.0,0.0,87.0,567.0,18.0,69.0
TRINIDAD,2018,1.0,1.0,0.0,1.0,1.0,0.0,1.0
TRINIDAD,2019,1.0,1.0,0.0,1.0,0.0,0.0,1.0
TRINIDAD,2020,0.0,0.0,0.0,0.0,1.0,0.0,0.0
TRINIDAD,2024,2.0,2.0,0.0,0.0,0.0,0.0,0.0
TRINIDAD,2025,5.0,5.0,0.0,2.0,0.0,0.0,2.0
TRINITY COUNTY,2018,20.0,12.0,0.0,25.0,33.0,0.0,25.0
TRINITY COUNTY,2019,86.0,84.0,2.0,0.0,0.0,0.0,0.0
TRINITY COUNTY,2021,71.0,62.0,0.0,47.0,47.0,0.0,47.0
TRINITY COUNTY,2022,33.0,26.0,0.0,49.0,32.0,0.0,49.0
TRINITY COUNTY,2023,7.0,7.0,0.0,7.0,3.0,0.0,7.0
TRINITY COUNTY,2025,21.0,21.0,0.0,4.0,21.0,0.0,4.0
TRUCKEE,2018,93.0,93.0,0.0,251.0,86.0,129.0,122.0
TRUCKEE,2019,83.0,9.0,0.0,179.0,81.0,80.0,99.0
TRUCKEE,2020,355.0,222.0,0.0,505.0,200.0,208.0,297.0
TRUCKEE,2021,326.0,88.0,0.0,215.0,216.0,71.0,144.0
TRUCKEE,2022,290.0,254.0,0.0,169.0,78.0,29.0,140.0
TRUCKEE,2023,245.0,25.0,4.0,86.0,183.0,24.0,62.0
TRUCKEE,2024,214.0,100.0,0.0,79.0,132.0,37.0,42.0
TRUCKEE,2025,331.0,147.0,0.0,138.0,134.0,91.0,47.0
TULARE,2018,549.0,549.0,0.0,597.0,234.0,64.0,533.0
TULARE,2019,1077.0,636.0,0.0,632.0,340.0,193.0,439.0
TULARE,2020,840.0,837.0,0.0,325.0,636.0,10.0,315.0
TULARE,2021,620.0,118.0,0.0,157.0,74.0,32.0,125.0
TULARE,2022,1365.0,1365.0,0.0,436.0,194.0,114.0,322.0
TULARE,2023,775.0,0.0,0.0,479.0,479.0,109.0,370.0
TULARE,2024,1175.0,1175.0,0.0,408.0,509.0,2.0,406.0
TULARE,2025,1947.0,1947.0,0.0,468.0,438.0,71.0,397.0
TULARE COUNTY,2018,0.0,0.0,0.0,145.0,0.0,122.0,23.0
TULARE COUNTY,2019,380.0,36.0,34.0,225.0,0.0,189.0,36.0
TULARE COUNTY,2020,161.0,161.0,0.0,167.0,0.0,133.0,34.0
TULARE COUNTY,2021,61.0,0.0,0.0,151.0,0.0,122.0,29.0
TULARE COUNTY,2022,462.0,0.0,0.0,236.0,0.0,182.0,54.0
TULARE COUNTY,2023,287.0,280.0,0.0,88.0,0.0,80.0,8.0
TULARE COUNTY,2024,380.0,0.0,0.0,265.0,0.0,228.0,37.0
TULARE COUNTY,2025,372.0,0.0,0.0,147.0,304.0,137.0,10.0
TULELAKE,2025,2.0,2.0,0.0,0.0,2.0,0.0,0.0
TUOLUMNE COUNTY,2018,389.0,387.0,2.0,9.0,51.0,0.0,9.0
TUOLUMNE COUNTY,2019,218.0,34.0,51.0,26.0,115.0,0.0,26.0
TUOLUMNE COUNTY,2020,58.0,0.0,0.0,64.0,63.0,0.0,64.0
TUOLUMNE COUNTY,2021,102.0,0.0,0.0,0.0,77.0,0.0,0.0
TUOLUMNE COUNTY,2022,70.0,0.0,0.0,0.0,64.0,0.0,0.0
TUOLUMNE COUNTY,2023,25.0,25.0,0.0,78.0,58.0,0.0,78.0
TUOLUMNE COUNTY,2024,74.0,0.0,0.0,60.0,63.0,1.0,59.0
TUOLUMNE COUNTY,2025,126.0,0.0,0.0,97.0,56.0,97.0,0.0
TURLOCK,2018,410.0,410.0,0.0,59.0,20.0,14.0,45.0
TURLOCK,2019,260.0,211.0,0.0,231.0,134.0,136.0,95.0
TURLOCK,2020,294.0,116.0,0.0,140.0,109.0,44.0,96.0
TURLOCK,2021,578.0,574.0,0.0,48.0,80.0,14.0,34.0
TURLOCK,2022,917.0,94.0,0.0,133.0,80.0,10.0,123.0
TURLOCK,2023,23.0,5.0,0.0,138.0,131.0,29.0,109.0
TUSTIN,2018,0.0,0.0,0.0,27.0,15.0,6.0,21.0
TUSTIN,2019,400.0,400.0,0.0,282.0,130.0,5.0,277.0
TUSTIN,2020,7.0,0.0,0.0,238.0,192.0,11.0,227.0
TUSTIN,2021,158.0,149.0,0.0,73.0,30.0,5.0,68.0
TUSTIN,2022,55.0,55.0,0.0,285.0,79.0,7.0,278.0
TUSTIN,2023,52.0,52.0,0.0,139.0,241.0,5.0,134.0
TUSTIN,2024,1352.0,1336.0,0.0,139.0,85.0,12.0,127.0
TUSTIN,2025,1566.0,1566.0,0.0,109.0,75.0,15.0,94.0
TWENTYNINE PALMS,2018,42.0,42.0,0.0,38.0,10.0,38.0,0.0
TWENTYNINE PALMS,2019,5.0,5.0,0.0,5.0,3.0,5.0,0.0
TWENTYNINE PALMS,2020,17.0,17.0,0.0,16.0,3.0,16.0,0.0
TWENTYNINE PALMS,2021,18.0,13.0,0.0,29.0,14.0,29.0,0.0
TWENTYNINE PALMS,2022,154.0,50.0,0.0,25.0,25.0,25.0,0.0
TWENTYNINE PALMS,2023,27.0,27.0,0.0,27.0,5.0,27.0,0.0
TWENTYNINE PALMS,2024,43.0,43.0,0.0,43.0,3.0,43.0,0.0
TWENTYNINE PALMS,2025,94.0,60.0,0.0,6.0,5.0,6.0,0.0
UKIAH,2018,82.0,82.0,0.0,88.0,2.0,72.0,16.0
UKIAH,2019,17.0,17.0,0.0,9.0,0.0,6.0,3.0
UKIAH,2020,9.0,9.0,0.0,45.0,40.0,36.0,9.0
UKIAH,2021,1.0,1.0,0.0,50.0,44.0,38.0,12.0
UKIAH,2022,0.0,0.0,0.0,133.0,36.0,128.0,5.0
UKIAH,2023,8.0,7.0,0.0,15.0,5.0,10.0,5.0
UKIAH,2024,41.0,41.0,0.0,41.0,2.0,8.0,33.0
UKIAH,2025,23.0,6.0,0.0,6.0,4.0,4.0,2.0
UNION CITY,2018,5.0,5.0,0.0,85.0,245.0,8.0,77.0
UNION CITY,2019,80.0,0.0,0.0,20.0,0.0,12.0,8.0
UNION CITY,2020,751.0,0.0,0.0,7.0,10.0,7.0,0.0
UNION CITY,2021,4.0,0.0,0.0,23.0,27.0,23.0,0.0
UNION CITY,2022,12.0,11.0,0.0,32.0,5.0,31.0,1.0
UNION CITY,2023,2.0,0.0,0.0,24.0,0.0,21.0,3.0
UNION CITY,2024,155.0,75.0,0.0,49.0,6.0,30.0,19.0
UNION CITY,2025,5.0,1.0,0.0,186.0,57.0,139.0,47.0
UPLAND,2018,240.0,240.0,0.0,0.0,18.0,0.0,0.0
UPLAND,2019,134.0,60.0,0.0,527.0,124.0,14.0,513.0
UPLAND,2020,492.0,124.0,0.0,127.0,278.0,42.0,85.0
UPLAND,2021,192.0,192.0,0.0,124.0,323.0,54.0,70.0
UPLAND,2022,24.0,0.0,0.0,205.0,81.0,59.0,146.0
UPLAND,2023,375.0,32.0,0.0,148.0,235.0,35.0,113.0
UPLAND,2024,18.0,0.0,0.0,149.0,108.0,64.0,85.0
UPLAND,2025,324.0,0.0,0.0,93.0,103.0,67.0,26.0
VACAVILLE,2018,305.0,60.0,245.0,244.0,211.0,39.0,205.0
VACAVILLE,2019,322.0,322.0,0.0,381.0,138.0,3.0,378.0
VACAVILLE,2020,688.0,160.0,0.0,671.0,501.0,42.0,629.0
VACAVILLE,2021,345.0,135.0,52.0,615.0,137.0,75.0,540.0
VACAVILLE,2022,1439.0,0.0,0.0,377.0,95.0,20.0,357.0
VACAVILLE,2023,4529.0,334.0,0.0,483.0,107.0,0.0,483.0
VACAVILLE,2024,5684.0,232.0,0.0,647.0,146.0,0.0,647.0
VACAVILLE,2025,454.0,371.0,0.0,492.0,692.0,45.0,447.0
VALLEJO,2018,31.0,31.0,0.0,55.0,15.0,0.0,55.0
VALLEJO,2019,118.0,118.0,0.0,64.0,73.0,0.0,64.0
VALLEJO,2020,51.0,51.0,0.0,41.0,17.0,0.0,41.0
VALLEJO,2021,853.0,80.0,0.0,37.0,18.0,0.0,37.0
VALLEJO,2022,128.0,124.0,0.0,243.0,0.0,75.0,168.0
VALLEJO,2023,392.0,66.0,0.0,125.0,26.0,31.0,94.0
VALLEJO,2024,684.0,52.0,0.0,81.0,183.0,37.0,44.0
VALLEJO,2025,612.0,128.0,0.0,193.0,117.0,50.0,143.0
VENTURA,2018,42.0,0.0,0.0,342.0,379.0,51.0,291.0
VENTURA,2019,330.0,0.0,270.0,622.0,97.0,51.0,571.0
VENTURA,2020,167.0,167.0,0.0,798.0,266.0,195.0,603.0
VENTURA,2021,167.0,167.0,0.0,1464.0,372.0,198.0,1266.0
VENTURA,2022,343.0,167.0,0.0,1471.0,703.0,199.0,1272.0
VENTURA,2023,343.0,167.0,0.0,797.0,168.0,171.0,626.0
VENTURA,2024,156.0,4.0,0.0,179.0,909.0,65.0,114.0
VENTURA,2025,144.0,54.0,0.0,431.0,383.0,130.0,301.0
VENTURA COUNTY,2018,146.0,141.0,9.0,112.0,43.0,74.0,38.0
VENTURA COUNTY,2019,235.0,212.0,0.0,108.0,96.0,69.0,39.0
VENTURA COUNTY,2020,191.0,159.0,33.0,118.0,105.0,102.0,16.0
VENTURA COUNTY,2021,179.0,180.0,0.0,121.0,82.0,84.0,37.0
VENTURA COUNTY,2022,462.0,462.0,0.0,348.0,41.0,303.0,45.0
VENTURA COUNTY,2023,152.0,152.0,0.0,465.0,147.0,399.0,66.0
VENTURA COUNTY,2024,226.0,226.0,0.0,230.0,905.0,151.0,79.0
VENTURA COUNTY,2025,163.0,215.0,0.0,152.0,258.0,125.0,27.0
VICTORVILLE,2018,732.0,644.0,0.0,0.0,186.0,0.0,0.0
VICTORVILLE,2019,1435.0,1222.0,0.0,439.0,0.0,151.0,288.0
VICTORVILLE,2020,356.0,356.0,0.0,508.0,370.0,0.0,508.0
VICTORVILLE,2021,2496.0,1009.0,0.0,28.0,606.0,0.0,28.0
VICTORVILLE,2022,2684.0,759.0,2.0,252.0,679.0,0.0,252.0
VICTORVILLE,2023,1603.0,356.0,0.0,199.0,500.0,0.0,199.0
VICTORVILLE,2024,1008.0,283.0,0.0,284.0,444.0,0.0,284.0
VICTORVILLE,2025,1324.0,88.0,0.0,277.0,146.0,0.0,277.0
VILLA PARK,2018,0.0,0.0,0.0,6.0,0.0,3.0,3.0
VILLA PARK,2019,0.0,0.0,0.0,5.0,0.0,2.0,3.0
VILLA PARK,2020,18.0,12.0,0.0,15.0,0.0,9.0,6.0
VILLA PARK,2021,0.0,0.0,0.0,22.0,0.0,14.0,8.0
VILLA PARK,2022,18.0,0.0,0.0,0.0,0.0,0.0,0.0
VILLA PARK,2023,11.0,10.0,0.0,0.0,1.0,0.0,0.0
VILLA PARK,2024,15.0,7.0,0.0,3.0,3.0,0.0,3.0
VILLA PARK,2025,23.0,3.0,0.0,2.0,0.0,2.0,0.0
VISALIA,2018,907.0,151.0,0.0,580.0,279.0,189.0,391.0
VISALIA,2019,136.0,136.0,0.0,698.0,602.0,529.0,169.0
VISALIA,2020,794.0,700.0,0.0,607.0,612.0,515.0,92.0
VISALIA,2021,603.0,599.0,0.0,841.0,596.0,765.0,76.0
VISALIA,2022,1890.0,0.0,0.0,1301.0,702.0,1177.0,124.0
VISALIA,2023,1912.0,1912.0,0.0,351.0,764.0,186.0,165.0
VISALIA,2024,926.0,926.0,0.0,682.0,497.0,498.0,184.0
VISALIA,2025,532.0,0.0,0.0,702.0,605.0,179.0,523.0
VISTA,2018,253.0,0.0,0.0,475.0,15.0,0.0,475.0
VISTA,2019,125.0,38.0,0.0,398.0,292.0,91.0,307.0
VISTA,2020,132.0,0.0,0.0,518.0,477.0,59.0,459.0
VISTA,2021,308.0,28.0,0.0,91.0,542.0,0.0,91.0
VISTA,2022,454.0,121.0,0.0,169.0,237.0,3.0,166.0
VISTA,2023,681.0,223.0,0.0,243.0,67.0,58.0,185.0
VISTA,2024,313.0,0.0,0.0,218.0,256.0,0.0,218.0
VISTA,2025,647.0,91.0,0.0,189.0,204.0,7.0,182.0
WALNUT,2018,77.0,58.0,0.0,15.0,31.0,0.0,15.0
WALNUT,2019,375.0,20.0,0.0,20.0,12.0,0.0,20.0
WALNUT,2020,53.0,17.0,0.0,10.0,15.0,0.0,10.0
WALNUT,2021,47.0,0.0,0.0,18.0,20.0,12.0,6.0
WALNUT,2022,120.0,33.0,0.0,82.0,11.0,0.0,82.0
WALNUT,2023,61.0,47.0,14.0,51.0,23.0,0.0,51.0
WALNUT,2024,58.0,36.0,0.0,173.0,87.0,0.0,173.0
WALNUT,2025,58.0,48.0,0.0,156.0,84.0,0.0,156.0
WALNUT CREEK,2018,197.0,197.0,0.0,162.0,256.0,68.0,94.0
WALNUT CREEK,2019,32.0,32.0,0.0,377.0,53.0,9.0,368.0
WALNUT CREEK,2020,160.0,160.0,0.0,182.0,328.0,25.0,157.0
WALNUT CREEK,2021,84.0,22.0,0.0,130.0,29.0,24.0,106.0
WALNUT CREEK,2022,189.0,44.0,0.0,32.0,211.0,23.0,9.0
WALNUT CREEK,2023,29.0,12.0,0.0,26.0,407.0,23.0,3.0
WALNUT CREEK,2024,502.0,70.0,0.0,59.0,51.0,45.0,14.0
WALNUT CREEK,2025,222.0,106.0,0.0,146.0,47.0,115.0,31.0
WASCO,2018,96.0,96.0,0.0,96.0,76.0,1.0,95.0
WASCO,2019,99.0,99.0,0.0,82.0,299.0,32.0,50.0
WASCO,2020,64.0,6.0,0.0,41.0,41.0,3.0,38.0
WASCO,2021,97.0,0.0,0.0,25.0,100.0,21.0,4.0
WASCO,2022,132.0,0.0,0.0,64.0,93.0,3.0,61.0
WASCO,2023,24.0,0.0,0.0,0.0,91.0,0.0,0.0
WASCO,2024,78.0,57.0,0.0,7.0,25.0,1.0,6.0
WASCO,2025,22.0,0.0,0.0,2.0,3.0,0.0,2.0
WATERFORD,2018,96.0,96.0,0.0,8.0,0.0,0.0,8.0
WATERFORD,2019,0.0,0.0,0.0,21.0,0.0,0.0,21.0
WATERFORD,2020,0.0,0.0,0.0,2.0,0.0,2.0,0.0
WATERFORD,2021,7.0,4.0,0.0,77.0,0.0,2.0,75.0
WATERFORD,2022,96.0,0.0,0.0,1.0,0.0,1.0,0.0
WATERFORD,2023,10.0,0.0,0.0,2.0,0.0,2.0,0.0
WATERFORD,2024,138.0,85.0,0.0,8.0,0.0,5.0,3.0
WATERFORD,2025,550.0,0.0,0.0,47.0,1.0,15.0,32.0
WATSONVILLE,2018,27.0,3.0,0.0,4.0,0.0,0.0,4.0
WATSONVILLE,2019,169.0,12.0,157.0,29.0,3.0,2.0,27.0
WATSONVILLE,2020,40.0,32.0,0.0,49.0,34.0,2.0,47.0
WATSONVILLE,2021,223.0,223.0,0.0,96.0,25.0,7.0,89.0
WATSONVILLE,2022,34.0,34.0,0.0,226.0,38.0,185.0,41.0
WATSONVILLE,2023,43.0,43.0,0.0,64.0,14.0,54.0,10.0
WATSONVILLE,2024,64.0,53.0,0.0,229.0,151.0,149.0,80.0
WATSONVILLE,2025,30.0,30.0,0.0,68.0,50.0,6.0,62.0
WEED,2018,2.0,2.0,0.0,2.0,1.0,0.0,2.0
WEED,2019,4.0,4.0,0.0,4.0,0.0,0.0,4.0
WEED,2020,0.0,0.0,0.0,0.0,2.0,0.0,0.0
WEED,2021,3.0,3.0,0.0,3.0,0.0,0.0,3.0
WEED,2023,7.0,7.0,0.0,7.0,1.0,0.0,7.0
WEED,2024,1.0,0.0,0.0,1.0,6.0,0.0,1.0
WEED,2025,4.0,4.0,0.0,4.0,3.0,4.0,0.0
WEST COVINA,2018,63.0,63.0,0.0,3.0,0.0,0.0,3.0
WEST COVINA,2019,27.0,28.0,0.0,49.0,0.0,0.0,49.0
WEST COVINA,2020,494.0,78.0,0.0,32.0,0.0,0.0,32.0
WEST COVINA,2021,170.0,109.0,0.0,51.0,7.0,33.0,18.0
WEST COVINA,2022,48.0,0.0,0.0,389.0,52.0,170.0,219.0
WEST COVINA,2023,185.0,101.0,0.0,349.0,330.0,87.0,262.0
WEST COVINA,2024,32.0,32.0,0.0,239.0,161.0,127.0,112.0
WEST HOLLYWOOD,2018,233.0,190.0,43.0,231.0,100.0,29.0,202.0
WEST HOLLYWOOD,2019,405.0,405.0,0.0,12.0,0.0,0.0,12.0
WEST HOLLYWOOD,2020,633.0,633.0,0.0,285.0,106.0,51.0,234.0
WEST HOLLYWOOD,2021,170.0,170.0,0.0,205.0,170.0,26.0,179.0
WEST HOLLYWOOD,2022,302.0,17.0,0.0,107.0,189.0,5.0,102.0
WEST HOLLYWOOD,2023,1294.0,27.0,0.0,104.0,57.0,4.0,100.0
WEST HOLLYWOOD,2024,39.0,21.0,0.0,268.0,120.0,201.0,67.0
WEST HOLLYWOOD,2025,495.0,61.0,0.0,252.0,111.0,103.0,149.0
WEST SACRAMENTO,2018,511.0,511.0,0.0,154.0,116.0,110.0,44.0
WEST SACRAMENTO,2019,95.0,0.0,0.0,319.0,0.0,59.0,260.0
WEST SACRAMENTO,2020,303.0,0.0,0.0,591.0,0.0,501.0,90.0
WEST SACRAMENTO,2021,1115.0,883.0,0.0,627.0,0.0,158.0,469.0
WEST SACRAMENTO,2022,625.0,625.0,0.0,477.0,0.0,23.0,454.0
WEST SACRAMENTO,2023,401.0,0.0,0.0,215.0,0.0,34.0,181.0
WEST SACRAMENTO,2024,629.0,0.0,0.0,408.0,0.0,19.0,389.0
WEST SACRAMENTO,2025,363.0,0.0,0.0,196.0,0.0,17.0,179.0
WESTLAKE VILLAGE,2018,0.0,0.0,0.0,2.0,1.0,0.0,2.0
WESTLAKE VILLAGE,2019,4.0,4.0,0.0,0.0,2.0,0.0,0.0
WESTLAKE VILLAGE,2021,4.0,3.0,0.0,0.0,0.0,0.0,0.0
WESTLAKE VILLAGE,2022,3.0,3.0,0.0,104.0,0.0,15.0,89.0
WESTLAKE VILLAGE,2023,1.0,1.0,0.0,105.0,0.0,15.0,90.0
WESTLAKE VILLAGE,2024,2.0,2.0,0.0,108.0,4.0,15.0,93.0
WESTLAKE VILLAGE,2025,1.0,1.0,0.0,109.0,108.0,15.0,94.0
WESTMINSTER,2018,52.0,52.0,0.0,108.0,57.0,5.0,103.0
WESTMINSTER,2019,90.0,57.0,0.0,145.0,9.0,115.0,30.0
WESTMINSTER,2020,148.0,87.0,0.0,63.0,155.0,0.0,63.0
WESTMINSTER,2021,143.0,68.0,0.0,136.0,43.0,0.0,136.0
WESTMINSTER,2022,265.0,87.0,0.0,177.0,127.0,0.0,177.0
WESTMINSTER,2023,384.0,122.0,0.0,196.0,151.0,158.0,38.0
WESTMINSTER,2024,294.0,206.0,0.0,250.0,196.0,235.0,15.0
WESTMORLAND,2020,2.0,2.0,2.0,2.0,2.0,2.0,0.0
WESTMORLAND,2022,3.0,0.0,0.0,3.0,3.0,3.0,0.0
WESTMORLAND,2023,6.0,6.0,0.0,6.0,0.0,6.0,0.0
WESTMORLAND,2024,7.0,1.0,0.0,6.0,5.0,6.0,0.0
WESTMORLAND,2025,1.0,1.0,0.0,0.0,0.0,0.0,0.0
WHEATLAND,2021,0.0,0.0,0.0,1.0,1.0,0.0,1.0
WHEATLAND,2022,0.0,0.0,0.0,75.0,19.0,48.0,27.0
WHEATLAND,2023,0.0,0.0,0.0,45.0,29.0,0.0,45.0
WHEATLAND,2024,0.0,0.0,0.0,63.0,63.0,32.0,31.0
WHEATLAND,2025,0.0,0.0,0.0,63.0,63.0,32.0,31.0
WHITTIER,2018,58.0,32.0,0.0,17.0,2.0,8.0,9.0
WHITTIER,2019,263.0,183.0,0.0,140.0,13.0,35.0,105.0
WHITTIER,2020,160.0,170.0,0.0,119.0,65.0,26.0,93.0
WHITTIER,2021,210.0,0.0,0.0,952.0,617.0,61.0,891.0
WHITTIER,2022,240.0,133.0,0.0,161.0,278.0,9.0,152.0
WHITTIER,2023,107.0,88.0,0.0,112.0,240.0,105.0,7.0
WHITTIER,2024,197.0,144.0,0.0,142.0,134.0,97.0,45.0
WHITTIER,2025,273.0,92.0,0.0,91.0,106.0,82.0,9.0
WILDOMAR,2018,145.0,145.0,0.0,56.0,100.0,17.0,39.0
WILDOMAR,2019,27.0,27.0,0.0,37.0,19.0,30.0,7.0
WILDOMAR,2020,53.0,53.0,0.0,60.0,12.0,0.0,60.0
WILDOMAR,2021,71.0,58.0,0.0,32.0,10.0,8.0,24.0
WILDOMAR,2022,644.0,0.0,0.0,120.0,25.0,0.0,120.0
WILDOMAR,2023,670.0,669.0,0.0,530.0,35.0,10.0,520.0
WILDOMAR,2024,349.0,349.0,0.0,257.0,102.0,92.0,165.0
WILDOMAR,2025,562.0,71.0,0.0,193.0,362.0,144.0,49.0
WILLIAMS,2018,24.0,24.0,0.0,24.0,0.0,0.0,24.0
WILLIAMS,2019,28.0,0.0,28.0,0.0,0.0,0.0,0.0
WILLIAMS,2020,14.0,0.0,0.0,14.0,0.0,0.0,14.0
WILLIAMS,2021,25.0,0.0,0.0,25.0,0.0,0.0,25.0
WILLIAMS,2022,14.0,0.0,0.0,14.0,14.0,13.0,1.0
WILLIAMS,2023,4.0,4.0,0.0,0.0,9.0,0.0,0.0
WILLIAMS,2024,4.0,0.0,0.0,1.0,1.0,0.0,1.0
WILLITS,2018,3.0,3.0,0.0,3.0,0.0,2.0,1.0
WILLITS,2019,6.0,6.0,1.0,6.0,1.0,6.0,0.0
WILLITS,2020,3.0,3.0,0.0,3.0,1.0,3.0,0.0
WILLITS,2021,9.0,0.0,0.0,8.0,3.0,4.0,4.0
WILLITS,2022,13.0,13.0,0.0,11.0,2.0,10.0,1.0
WILLITS,2023,5.0,4.0,0.0,13.0,2.0,13.0,0.0
WILLITS,2025,6.0,6.0,0.0,6.0,1.0,0.0,6.0
WILLOWS,2019,0.0,0.0,0.0,5.0,1.0,2.0,3.0
WILLOWS,2020,15.0,0.0,0.0,27.0,2.0,25.0,2.0
WILLOWS,2021,2.0,2.0,0.0,19.0,6.0,19.0,0.0
WILLOWS,2022,6.0,6.0,0.0,2.0,0.0,0.0,2.0
WILLOWS,2023,17.0,17.0,0.0,4.0,0.0,0.0,4.0
WILLOWS,2024,0.0,0.0,0.0,17.0,21.0,0.0,17.0
WINDSOR,2018,0.0,0.0,0.0,18.0,2.0,0.0,18.0
WINDSOR,2019,11.0,11.0,0.0,83.0,4.0,60.0,23.0
WINDSOR,2020,64.0,0.0,0.0,5.0,20.0,0.0,5.0
WINDSOR,2021,332.0,302.0,0.0,68.0,64.0,52.0,16.0
WINDSOR,2022,298.0,244.0,0.0,159.0,31.0,133.0,26.0
WINDSOR,2023,308.0,46.0,0.0,222.0,26.0,182.0,40.0
WINDSOR,2024,242.0,76.0,0.0,86.0,99.0,17.0,69.0
WINDSOR,2025,449.0,449.0,0.0,159.0,28.0,60.0,99.0
WINTERS,2018,527.0,527.0,0.0,37.0,0.0,0.0,37.0
WINTERS,2019,20.0,20.0,0.0,133.0,50.0,64.0,69.0
WINTERS,2020,79.0,0.0,0.0,38.0,0.0,0.0,38.0
WINTERS,2021,2.0,2.0,0.0,234.0,163.0,75.0,159.0
WINTERS,2022,3.0,3.0,0.0,83.0,74.0,19.0,64.0
WINTERS,2023,0.0,0.0,0.0,61.0,61.0,14.0,47.0
WINTERS,2024,0.0,0.0,0.0,138.0,138.0,2.0,136.0
WINTERS,2025,2.0,0.0,0.0,43.0,43.0,1.0,42.0
WOODLAKE,2018,0.0,0.0,0.0,25.0,0.0,25.0,0.0
WOODLAKE,2019,0.0,0.0,0.0,54.0,29.0,54.0,0.0
WOODLAKE,2020,0.0,0.0,0.0,85.0,71.0,85.0,0.0
WOODLAKE,2021,0.0,0.0,0.0,25.0,54.0,14.0,11.0
WOODLAKE,2022,68.0,0.0,0.0,113.0,25.0,87.0,26.0
WOODLAKE,2023,20.0,0.0,0.0,5.0,13.0,0.0,5.0
WOODLAND,2018,304.0,18.0,0.0,285.0,0.0,110.0,175.0
WOODLAND,2019,301.0,0.0,70.0,17.0,0.0,3.0,14.0
WOODLAND,2020,177.0,168.0,0.0,392.0,0.0,105.0,287.0
WOODLAND,2021,171.0,171.0,0.0,173.0,0.0,62.0,111.0
WOODLAND,2022,205.0,205.0,0.0,453.0,65.0,241.0,212.0
WOODLAND,2023,130.0,130.0,0.0,473.0,305.0,136.0,337.0
WOODLAND,2024,11.0,4.0,0.0,455.0,355.0,113.0,342.0
WOODLAND,2025,73.0,73.0,0.0,632.0,481.0,220.0,412.0
WOODSIDE,2018,28.0,28.0,0.0,21.0,13.0,14.0,7.0
WOODSIDE,2019,10.0,10.0,0.0,27.0,9.0,15.0,12.0
WOODSIDE,2020,15.0,0.0,0.0,17.0,21.0,9.0,8.0
WOODSIDE,2021,12.0,0.0,0.0,27.0,11.0,18.0,9.0
WOODSIDE,2022,14.0,0.0,0.0,23.0,18.0,12.0,11.0
WOODSIDE,2023,21.0,0.0,0.0,33.0,16.0,19.0,14.0
WOODSIDE,2024,8.0,0.0,0.0,35.0,31.0,25.0,10.0
WOODSIDE,2025,24.0,0.0,0.0,32.0,27.0,19.0,13.0
YOLO COUNTY,2018,10.0,2.0,8.0,15.0,19.0,11.0,4.0
YOLO COUNTY,2019,0.0,0.0,0.0,10.0,28.0,10.0,0.0
YOLO COUNTY,2020,180.0,0.0,0.0,20.0,28.0,14.0,6.0
YOLO COUNTY,2021,122.0,28.0,0.0,22.0,24.0,19.0,3.0
YOLO COUNTY,2022,0.0,0.0,0.0,29.0,5.0,16.0,13.0
YOLO COUNTY,2023,0.0,0.0,0.0,27.0,34.0,17.0,10.0
YOLO COUNTY,2024,29.0,4.0,0.0,7.0,21.0,4.0,3.0
YOLO COUNTY,2025,21.0,2.0,0.0,22.0,18.0,18.0,4.0
YORBA LINDA,2018,200.0,199.0,0.0,120.0,100.0,3.0,117.0
YORBA LINDA,2019,57.0,56.0,0.0,80.0,197.0,3.0,77.0
YORBA LINDA,2020,25.0,16.0,0.0,110.0,32.0,53.0,57.0
YORBA LINDA,2021,67.0,63.0,0.0,33.0,21.0,30.0,3.0
YORBA LINDA,2022,39.0,17.0,0.0,62.0,15.0,32.0,30.0
YORBA LINDA,2023,38.0,27.0,0.0,22.0,38.0,20.0,2.0
YORBA LINDA,2024,116.0,107.0,0.0,95.0,26.0,22.0,73.0
YORBA LINDA,2025,150.0,137.0,0.0,37.0,93.0,35.0,2.0
YOUNTVILLE,2018,5.0,5.0,0.0,3.0,1.0,3.0,0.0
YOUNTVILLE,2019,0.0,0.0,0.0,0.0,5.0,0.0,0.0
YOUNTVILLE,2020,6.0,0.0,0.0,1.0,2.0,1.0,0.0
YOUNTVILLE,2021,1.0,1.0,0.0,1.0,1.0,0.0,1.0
YOUNTVILLE,2022,4.0,4.0,0.0,2.0,0.0,0.0,2.0
YOUNTVILLE,2023,19.0,7.0,0.0,1.0,0.0,0.0,1.0
YOUNTVILLE,2024,27.0,27.0,0.0,6.0,0.0,5.0,1.0
YOUNTVILLE,2025,9.0,7.0,0.0,5.0,2.0,5.0,0.0
YREKA,2018,2.0,2.0,0.0,1.0,1.0,1.0,0.0
YREKA,2019,0.0,0.0,0.0,1.0,1.0,1.0,0.0
YREKA,2020,2.0,0.0,0.0,1.0,2.0,1.0,0.0
YREKA,2021,3.0,3.0,0.0,0.0,0.0,0.0,0.0
YREKA,2022,1.0,0.0,0.0,1.0,1.0,0.0,1.0
YREKA,2023,2.0,2.0,0.0,0.0,0.0,0.0,0.0
YREKA,2024,291.0,291.0,0.0,51.0,99.0,48.0,3.0
YREKA,2025,1.0,1.0,0.0,1.0,1.0,0.0,1.0
YUBA CITY,2018,548.0,0.0,0.0,32.0,16.0,0.0,32.0
YUBA CITY,2019,596.0,596.0,0.0,32.0,16.0,0.0,32.0
YUBA CITY,2020,351.0,0.0,0.0,61.0,7.0,40.0,21.0
YUBA CITY,2021,191.0,191.0,0.0,42.0,42.0,0.0,42.0
YUBA CITY,2022,82.0,82.0,0.0,50.0,38.0,0.0,50.0
YUBA CITY,2023,335.0,331.0,0.0,51.0,8.0,0.0,51.0
YUBA CITY,2024,91.0,91.0,0.0,100.0,94.0,0.0,100.0
YUBA CITY,2025,141.0,141.0,0.0,348.0,125.0,211.0,137.0
YUBA COUNTY,2018,61.0,10.0,51.0,422.0,563.0,3.0,419.0
YUBA COUNTY,2019,178.0,178.0,0.0,763.0,499.0,17.0,746.0
YUBA COUNTY,2020,14.0,14.0,0.0,742.0,0.0,0.0,742.0
YUBA COUNTY,2021,1062.0,1062.0,0.0,802.0,491.0,156.0,646.0
YUBA COUNTY,2022,480.0,396.0,0.0,506.0,600.0,51.0,455.0
YUBA COUNTY,2023,92.0,92.0,0.0,518.0,375.0,44.0,474.0
YUBA COUNTY,2024,584.0,585.0,0.0,1149.0,643.0,178.0,971.0
YUBA COUNTY,2025,20.0,20.0,0.0,952.0,682.0,100.0,852.0
YUCAIPA,2018,174.0,167.0,0.0,110.0,3.0,96.0,14.0
YUCAIPA,2019,482.0,402.0,0.0,42.0,27.0,5.0,37.0
YUCAIPA,2020,406.0,150.0,0.0,37.0,22.0,18.0,19.0
YUCAIPA,2021,624.0,209.0,0.0,96.0,17.0,36.0,60.0
YUCAIPA,2022,687.0,311.0,251.0,323.0,69.0,165.0,158.0
YUCAIPA,2023,686.0,383.0,0.0,292.0,116.0,70.0,222.0
YUCAIPA,2024,792.0,190.0,0.0,349.0,249.0,169.0,180.0
YUCAIPA,2025,805.0,489.0,0.0,177.0,79.0,115.0,62.0
YUCCA VALLEY,2018,0.0,0.0,0.0,39.0,11.0,0.0,39.0
YUCCA VALLEY,2019,0.0,0.0,0.0,21.0,13.0,0.0,21.0
YUCCA VALLEY,2020,0.0,0.0,0.0,71.0,18.0,0.0,71.0
YUCCA VALLEY,2021,0.0,0.0,0.0,56.0,0.0,0.0,56.0
YUCCA VALLEY,2023,0.0,0.0,0.0,0.0,0.0,0.0,0.0
YUCCA VALLEY,2024,20.0,0.0,0.0,34.0,14.0,0.0,34.0
YUCCA VALLEY,2025,50.0,50.0,0.0,50.0,31.0,0.0,50.0
